Date,Time,I,V1,V2,P,Temp1,Temp2,Temp3,Temp4,Temp5,Temp6,Temp7,Temp8,Temp9,Temp10,Temp11,Temp12,Temp13,Temp14,Temp15,Temp16,Temp17,Temp18,Temp19,Temp20,ComputerTime,Corrupted
24/5/16,5:2:40,1.4536,4.9016,-16.3320,7.1248,99.99,99.99,99.99,99.99,99.99,99.99,99.99,99.99,99.99,99.99,99.99,99.99,99.99,99.99,99.99,99.99,99.99,99.99,99.99,99.99,2016-05-24 05:12:41.602172
24/5/16,1:11:41,0.7921,4.9013,5.0088,3.8823,99.99,99.99,99.99,99.99,99.99,99.99,99.99,99.99,99.99,99.99,99.99,99.99,99.99,99.99,99.99,99.99,99.99,99.99,99.99,99.99,2016-05-24 05:12:41.916735
24/5/16,0:13:42,0.7921,4.9021,5.0087,3.8830,99.99,99.99,99.99,99.99,99.99,99.99,99.99,99.99,99.99,99.99,99.99,99.99,99.99,99.99,99.99,99.99,99.99,99.99,99.99,99.99,2016-05-24 05:12:42.973825
24/5/16,0:0:43,0.7921,4.9023,5.0084,3.8829,99.99,99.99,99.99,99.99,99.99,99.99,99.99,99.99,99.99,99.99,99.99,99.99,99.99,99.99,99.99,99.99,99.99,99.99,99.99,99.99,2016-05-24 05:12:44.010418
24/5/16,0:18:44,0.7921,4.9024,5.0083,3.8831,99.99,99.99,99.99,99.99,99.99,99.99,99.99,99.99,99.99,99.99,99.99,99.99,99.99,99.99,99.99,99.99,99.99,99.99,99.99,99.99,2016-05-24 05:12:44.975473
24/5/16,0:19:45,0.7921,4.9022,5.0090,3.8830,99.99,99.99,99.99,99.99,99.99,99.99,99.99,99.99,99.99,99.99,99.99,99.99,99.99,99.99,99.99,99.99,99.99,99.99,99.99,99.99,2016-05-24 05:12:45.995563
24/5/16,0:12:46,0.7921,4.9027,5.0089,3.8836,99.99,99.99,99.99,99.99,99.99,99.99,99.99,99.99,99.99,99.99,99.99,99.99,99.99,99.99,99.99,99.99,99.99,99.99,99.99,99.99,2016-05-24 05:12:47.016774
24/5/16,0:20:47,0.7920,4.9027,5.0086,3.8831,99.99,99.99,99.99,99.99,99.99,99.99,99.99,99.99,99.99,99.99,99.99,99.99,99.99,99.99,99.99,99.99,99.99,99.99,99.99,99.99,2016-05-24 05:12:47.975124
24/5/16,0:21:48,0.7921,4.9027,5.0091,3.8832,99.99,99.99,99.99,99.99,99.99,99.99,99.99,99.99,99.99,99.99,99.99,99.99,99.99,99.99,99.99,99.99,99.99,99.99,99.99,99.99,2016-05-24 05:12:48.994171
24/5/16,0:12:49,0.7921,4.9022,5.0091,3.8828,99.99,99.99,99.99,99.99,99.99,99.99,99.99,99.99,99.99,99.99,99.99,99.99,99.99,99.99,99.99,99.99,99.99,99.99,99.99,99.99,2016-05-24 05:12:50.017109
24/5/16,0:25:50,0.7921,4.9022,5.0086,3.8830,99.99,99.99,99.99,99.99,99.99,99.99,99.99,99.99,99.99,99.99,99.99,99.99,99.99,99.99,99.99,99.99,99.99,99.99,99.99,99.99,2016-05-24 05:12:50.974451
24/5/16,3:2:51,0.2713,4.8979,2.3790,1.3286,99.99,99.99,99.99,99.99,99.99,99.99,99.99,99.99,99.99,99.99,99.99,99.99,99.99,99.99,99.99,99.99,99.99,99.99,99.99,99.99,2016-05-24 05:12:51.994883
24/5/16,3:10:52,0.1350,0.9830,1.0985,0.1327,99.99,99.99,99.99,99.99,99.99,99.99,99.99,99.99,99.99,99.99,99.99,99.99,99.99,99.99,99.99,99.99,99.99,99.99,99.99,99.99,2016-05-24 05:12:53.133030
24/5/16,3:22:53,0.1345,0.9856,1.1000,0.1326,99.99,99.99,99.99,99.99,99.99,99.99,99.99,99.99,99.99,99.99,99.99,99.99,99.99,99.99,99.99,99.99,99.99,99.99,99.99,99.99,2016-05-24 05:12:53.974731
24/5/16,3:21:54,0.1344,0.9859,1.0995,0.1325,99.99,99.99,99.99,99.99,99.99,99.99,99.99,99.99,99.99,99.99,99.99,99.99,99.99,99.99,99.99,99.99,99.99,99.99,99.99,99.99,2016-05-24 05:12:54.995207
24/5/16,2:18:55,0.1342,0.9859,1.0996,0.1323,99.99,99.99,99.99,99.99,99.99,99.99,99.99,99.99,99.99,99.99,99.99,99.99,99.99,99.99,99.99,99.99,99.99,99.99,99.99,99.99,2016-05-24 05:12:56.017002
24/5/16,2:18:56,0.1342,0.9861,1.0994,0.1323,99.99,99.99,99.99,99.99,99.99,99.99,99.99,99.99,99.99,99.99,99.99,99.99,99.99,99.99,99.99,99.99,99.99,99.99,99.99,99.99,2016-05-24 05:12:56.976283
24/5/16,2:13:57,0.1342,0.9855,1.0991,0.1322,99.99,99.99,99.99,99.99,99.99,99.99,99.99,99.99,99.99,99.99,99.99,99.99,99.99,99.99,99.99,99.99,99.99,99.99,99.99,99.99,2016-05-24 05:12:57.994299
24/5/16,2:12:58,0.1342,0.9857,1.0993,0.1323,99.99,99.99,99.99,99.99,99.99,99.99,99.99,99.99,99.99,99.99,99.99,99.99,99.99,99.99,99.99,99.99,99.99,99.99,99.99,99.99,2016-05-24 05:12:59.015009
24/5/16,2:19:59,0.1340,0.9856,1.0990,0.1320,99.99,99.99,99.99,99.99,99.99,99.99,99.99,99.99,99.99,99.99,99.99,99.99,99.99,99.99,99.99,99.99,99.99,99.99,99.99,99.99,2016-05-24 05:12:59.975699
24/5/16,2:10:0,0.1340,0.9854,1.0988,0.1320,99.99,99.99,99.99,99.99,99.99,99.99,99.99,99.99,99.99,99.99,99.99,99.99,99.99,99.99,99.99,99.99,99.99,99.99,99.99,99.99,2016-05-24 05:13:00.995450
24/5/16,2:21:1,0.1340,0.9860,1.0989,0.1322,99.99,99.99,99.99,99.99,99.99,99.99,99.99,99.99,99.99,99.99,99.99,99.99,99.99,99.99,99.99,99.99,99.99,99.99,99.99,99.99,2016-05-24 05:13:02.017156
24/5/16,2:22:2,0.1341,0.9851,1.0989,0.1321,99.99,99.99,99.99,99.99,99.99,99.99,99.99,99.99,99.99,99.99,99.99,99.99,99.99,99.99,99.99,99.99,99.99,99.99,99.99,99.99,2016-05-24 05:13:02.976526
24/5/16,2:13:3,0.1340,0.9856,1.0988,0.1321,99.99,99.99,99.99,99.99,99.99,99.99,99.99,99.99,99.99,99.99,99.99,99.99,99.99,99.99,99.99,99.99,99.99,99.99,99.99,99.99,2016-05-24 05:13:03.995758
24/5/16,2:19:4,0.1341,0.9849,1.0989,0.1321,99.99,99.99,99.99,99.99,99.99,99.99,99.99,99.99,99.99,99.99,99.99,99.99,99.99,99.99,99.99,99.99,99.99,99.99,99.99,99.99,2016-05-24 05:13:05.016982
24/5/16,2:13:5,0.1340,0.9813,1.0988,0.1320,99.99,99.99,99.99,99.99,99.99,99.99,99.99,99.99,99.99,99.99,99.99,99.99,99.99,99.99,99.99,99.99,99.99,99.99,99.99,99.99,2016-05-24 05:13:05.973215
24/5/16,2:3:6,0.1340,0.9854,1.0987,0.1320,99.99,99.99,99.99,99.99,99.99,99.99,99.99,99.99,99.99,99.99,99.99,99.99,99.99,99.99,99.99,99.99,99.99,99.99,99.99,99.99,2016-05-24 05:13:06.992071
24/5/16,2:0:7,0.1341,0.9857,1.0987,0.1321,99.99,99.99,99.99,99.99,99.99,99.99,99.99,99.99,99.99,99.99,99.99,99.99,99.99,99.99,99.99,99.99,99.99,99.99,99.99,99.99,2016-05-24 05:13:08.019331
24/5/16,2:18:8,0.1340,0.9856,1.0988,0.1321,99.99,99.99,99.99,99.99,99.99,99.99,99.99,99.99,99.99,99.99,99.99,99.99,99.99,99.99,99.99,99.99,99.99,99.99,99.99,99.99,2016-05-24 05:13:08.981096
24/5/16,2:9:9,0.1340,0.9852,1.0987,0.1320,99.99,99.99,99.99,99.99,99.99,99.99,99.99,99.99,99.99,99.99,99.99,99.99,99.99,99.99,99.99,99.99,99.99,99.99,99.99,99.99,2016-05-24 05:13:10.010384
24/5/16,2:12:10,0.1340,0.9853,1.0984,0.1320,99.99,99.99,99.99,99.99,99.99,99.99,99.99,99.99,99.99,99.99,99.99,99.99,99.99,99.99,99.99,99.99,99.99,99.99,99.99,99.99,2016-05-24 05:13:10.979319
24/5/16,3:19:11,0.1340,0.9854,1.0988,0.1321,99.99,99.99,99.99,99.99,99.99,99.99,99.99,99.99,99.99,99.99,99.99,99.99,99.99,99.99,99.99,99.99,99.99,99.99,99.99,99.99,2016-05-24 05:13:12.003936
24/5/16,6:21:12,0.2980,1.9607,2.0725,0.5842,99.99,99.99,99.99,99.99,99.99,99.99,99.99,99.99,99.99,99.99,99.99,99.99,99.99,99.99,99.99,99.99,99.99,99.99,99.99,99.99,2016-05-24 05:13:13.033858
24/5/16,6:11:13,0.2980,1.9618,2.0737,0.5846,99.99,99.99,99.99,99.99,99.99,99.99,99.99,99.99,99.99,99.99,99.99,99.99,99.99,99.99,99.99,99.99,99.99,99.99,99.99,99.99,2016-05-24 05:13:13.979771
24/5/16,7:11:14,0.2981,1.9621,2.0735,0.5848,99.99,99.99,99.99,99.99,99.99,99.99,99.99,99.99,99.99,99.99,99.99,99.99,99.99,99.99,99.99,99.99,99.99,99.99,99.99,99.99,2016-05-24 05:13:15.005675
24/5/16,6:19:15,0.2980,1.9618,2.0735,0.5847,99.99,99.99,99.99,99.99,99.99,99.99,99.99,99.99,99.99,99.99,99.99,99.99,99.99,99.99,99.99,99.99,99.99,99.99,99.99,99.99,2016-05-24 05:13:15.981077
24/5/16,7:15:16,0.2981,1.9617,2.0738,0.5847,99.99,99.99,99.99,99.99,99.99,99.99,99.99,99.99,99.99,99.99,99.99,99.99,99.99,99.99,99.99,99.99,99.99,99.99,99.99,99.99,2016-05-24 05:13:17.007760
24/5/16,7:20:17,0.2982,1.9621,2.0740,0.5851,99.99,99.99,99.99,99.99,99.99,99.99,99.99,99.99,99.99,99.99,99.99,99.99,99.99,99.99,99.99,99.99,99.99,99.99,99.99,99.99,2016-05-24 05:13:17.982115
24/5/16,7:2:18,0.2981,1.9620,2.0739,0.5849,99.99,99.99,99.99,99.99,99.99,99.99,99.99,99.99,99.99,99.99,99.99,99.99,99.99,99.99,99.99,99.99,99.99,99.99,99.99,99.99,2016-05-24 05:13:19.009741
24/5/16,7:2:19,0.2982,1.9624,2.0737,0.5851,99.99,99.99,99.99,99.99,99.99,99.99,99.99,99.99,99.99,99.99,99.99,99.99,99.99,99.99,99.99,99.99,99.99,99.99,99.99,99.99,2016-05-24 05:13:19.980120
24/5/16,7:0:20,0.2981,1.9616,2.0735,0.5848,99.99,99.99,99.99,99.99,99.99,99.99,99.99,99.99,99.99,99.99,99.99,99.99,99.99,99.99,99.99,99.99,99.99,99.99,99.99,99.99,2016-05-24 05:13:21.005339
24/5/16,7:9:21,0.2982,1.9621,2.0743,0.5851,99.99,99.99,99.99,99.99,99.99,99.99,99.99,99.99,99.99,99.99,99.99,99.99,99.99,99.99,99.99,99.99,99.99,99.99,99.99,99.99,2016-05-24 05:13:21.981221
24/5/16,7:13:22,0.2981,1.9618,2.0739,0.5848,99.99,99.99,99.99,99.99,99.99,99.99,99.99,99.99,99.99,99.99,99.99,99.99,99.99,99.99,99.99,99.99,99.99,99.99,99.99,99.99,2016-05-24 05:13:23.006184
24/5/16,7:11:23,0.2981,1.9623,2.0740,0.5849,99.99,99.99,99.99,99.99,99.99,99.99,99.99,99.99,99.99,99.99,99.99,99.99,99.99,99.99,99.99,99.99,99.99,99.99,99.99,99.99,2016-05-24 05:13:23.981165
24/5/16,7:2:24,0.2982,1.9622,2.0737,0.5851,99.99,99.99,99.99,99.99,99.99,99.99,99.99,99.99,99.99,99.99,99.99,99.99,99.99,99.99,99.99,99.99,99.99,99.99,99.99,99.99,2016-05-24 05:13:25.007099
24/5/16,7:11:25,0.2981,1.9621,2.0738,0.5849,99.99,99.99,99.99,99.99,99.99,99.99,99.99,99.99,99.99,99.99,99.99,99.99,99.99,99.99,99.99,99.99,99.99,99.99,99.99,99.99,2016-05-24 05:13:25.980070
24/5/16,7:10:26,0.2981,1.9624,2.0736,0.5850,99.99,99.99,99.99,99.99,99.99,99.99,99.99,99.99,99.99,99.99,99.99,99.99,99.99,99.99,99.99,99.99,99.99,99.99,99.99,99.99,2016-05-24 05:13:27.004897
24/5/16,7:21:27,0.2981,1.9620,2.0738,0.5848,99.99,99.99,99.99,99.99,99.99,99.99,99.99,99.99,99.99,99.99,99.99,99.99,99.99,99.99,99.99,99.99,99.99,99.99,99.99,99.99,2016-05-24 05:13:28.031248
24/5/16,7:13:28,0.2980,1.9621,2.0741,0.5848,99.99,99.99,99.99,99.99,99.99,99.99,99.99,99.99,99.99,99.99,99.99,99.99,99.99,99.99,99.99,99.99,99.99,99.99,99.99,99.99,2016-05-24 05:13:28.980319
24/5/16,7:12:29,0.2981,1.9622,2.0740,0.5849,99.99,99.99,99.99,99.99,99.99,99.99,99.99,99.99,99.99,99.99,99.99,99.99,99.99,99.99,99.99,99.99,99.99,99.99,99.99,99.99,2016-05-24 05:13:30.009113
24/5/16,7:20:30,0.2981,1.9618,2.0737,0.5848,99.99,99.99,99.99,99.99,99.99,99.99,99.99,99.99,99.99,99.99,99.99,99.99,99.99,99.99,99.99,99.99,99.99,99.99,99.99,99.99,2016-05-24 05:13:30.981176
24/5/16,5:13:31,0.2980,1.9620,2.0740,0.5847,99.99,99.99,99.99,99.99,99.99,99.99,99.99,99.99,99.99,99.99,99.99,99.99,99.99,99.99,99.99,99.99,99.99,99.99,99.99,99.99,2016-05-24 05:13:32.007231
24/5/16,0:13:32,0.6257,3.9112,4.0203,2.4474,99.99,99.99,99.99,99.99,99.99,99.99,99.99,99.99,99.99,99.99,99.99,99.99,99.99,99.99,99.99,99.99,99.99,99.99,99.99,99.99,2016-05-24 05:13:32.980810
24/5/16,0:8:33,0.6262,3.9150,4.0230,2.4514,99.99,99.99,99.99,99.99,99.99,99.99,99.99,99.99,99.99,99.99,99.99,99.99,99.99,99.99,99.99,99.99,99.99,99.99,99.99,99.99,2016-05-24 05:13:34.126332
24/5/16,0:13:34,0.6262,3.9158,4.0236,2.4521,99.99,99.99,99.99,99.99,99.99,99.99,99.99,99.99,99.99,99.99,99.99,99.99,99.99,99.99,99.99,99.99,99.99,99.99,99.99,99.99,2016-05-24 05:13:34.981456
24/5/16,0:24:35,0.6263,3.9165,4.0242,2.4528,99.99,99.99,99.99,99.99,99.99,99.99,99.99,99.99,99.99,99.99,99.99,99.99,99.99,99.99,99.99,99.99,99.99,99.99,99.99,99.99,2016-05-24 05:13:36.007855
24/5/16,0:12:36,0.6263,3.9163,4.0246,2.4529,99.99,99.99,99.99,99.99,99.99,99.99,99.99,99.99,99.99,99.99,99.99,99.99,99.99,99.99,99.99,99.99,99.99,99.99,99.99,99.99,2016-05-24 05:13:36.981441
24/5/16,0:15:37,0.6264,3.9162,4.0246,2.4529,99.99,99.99,99.99,99.99,99.99,99.99,99.99,99.99,99.99,99.99,99.99,99.99,99.99,99.99,99.99,99.99,99.99,99.99,99.99,99.99,2016-05-24 05:13:38.007385
24/5/16,1:11:38,0.6264,3.9161,4.0246,2.4529,99.99,99.99,99.99,99.99,99.99,99.99,99.99,99.99,99.99,99.99,99.99,99.99,99.99,99.99,99.99,99.99,99.99,99.99,99.99,99.99,2016-05-24 05:13:39.100908
24/5/16,0:10:39,0.6263,3.9170,4.0243,2.4534,99.99,99.99,99.99,99.99,99.99,99.99,99.99,99.99,99.99,99.99,99.99,99.99,99.99,99.99,99.99,99.99,99.99,99.99,99.99,99.99,2016-05-24 05:13:40.025816
24/5/16,0:15:40,0.6264,3.9165,4.0245,2.4531,99.99,99.99,99.99,99.99,99.99,99.99,99.99,99.99,99.99,99.99,99.99,99.99,99.99,99.99,99.99,99.99,99.99,99.99,99.99,99.99,2016-05-24 05:13:40.980141
24/5/16,0:10:41,0.6264,3.9168,4.0250,2.4536,99.99,99.99,99.99,99.99,99.99,99.99,99.99,99.99,99.99,99.99,99.99,99.99,99.99,99.99,99.99,99.99,99.99,99.99,99.99,99.99,2016-05-24 05:13:42.017221
24/5/16,0:12:42,0.6264,3.9164,4.0247,2.4533,99.99,99.99,99.99,99.99,99.99,99.99,99.99,99.99,99.99,99.99,99.99,99.99,99.99,99.99,99.99,99.99,99.99,99.99,99.99,99.99,2016-05-24 05:13:42.980815
24/5/16,0:24:43,0.6264,3.9174,4.0247,2.4538,99.99,99.99,99.99,99.99,99.99,99.99,99.99,99.99,99.99,99.99,99.99,99.99,99.99,99.99,99.99,99.99,99.99,99.99,99.99,99.99,2016-05-24 05:13:44.006971
24/5/16,0:12:04,0.6265,3.9169,4.0245,2.4539,99.99,99.99,99.99,99.99,99.99,99.99,99.99,99.99,99.99,99.99,99.99,99.99,99.99,99.99,99.99,99.99,99.99,99.99,99.99,99.99,2016-05-24 05:13:44.980686
24/5/16,0:19:45,0.6264,3.9168,4.0249,2.4534,99.99,99.99,99.99,99.99,99.99,99.99,99.99,99.99,99.99,99.99,99.99,99.99,99.99,99.99,99.99,99.99,99.99,99.99,99.99,99.99,2016-05-24 05:13:46.006424
24/5/16,0:13:46,0.6263,3.9166,4.0248,2.4531,99.99,99.99,99.99,99.99,99.99,99.99,99.99,99.99,99.99,99.99,99.99,99.99,99.99,99.99,99.99,99.99,99.99,99.99,99.99,99.99,2016-05-24 05:13:46.981179
24/5/16,0:13:47,0.6264,3.9171,4.0251,2.4536,99.99,99.99,99.99,99.99,99.99,99.99,99.99,99.99,99.99,99.99,99.99,99.99,99.99,99.99,99.99,99.99,99.99,99.99,99.99,99.99,2016-05-24 05:13:48.128492
24/5/16,0:12:48,0.6264,3.9164,4.0249,2.4533,99.99,99.99,99.99,99.99,99.99,99.99,99.99,99.99,99.99,99.99,99.99,99.99,99.99,99.99,99.99,99.99,99.99,99.99,99.99,99.99,2016-05-24 05:13:48.979796
24/5/16,0:0:49,0.6265,3.9166,4.0248,2.4535,99.99,99.99,99.99,99.99,99.99,99.99,99.99,99.99,99.99,99.99,99.99,99.99,99.99,99.99,99.99,99.99,99.99,99.99,99.99,99.99,2016-05-24 05:13:50.005176
24/5/16,0:10:50,0.6264,3.9171,4.0249,2.4537,99.99,99.99,99.99,99.99,99.99,99.99,99.99,99.99,99.99,99.99,99.99,99.99,99.99,99.99,99.99,99.99,99.99,99.99,99.99,99.99,2016-05-24 05:13:50.981038
20/5/16,5:24:51,0.7662,3.9168,4.0250,3.0012,99.99,99.99,99.99,99.99,99.99,99.99,99.99,99.99,99.99,99.99,99.99,99.99,99.99,99.99,99.99,99.99,99.99,99.99,99.99,99.99,2016-05-24 05:13:52.007921
24/5/16,4:11:52,0.9554,5.8752,5.9803,5.6133,99.99,99.99,99.99,99.99,99.99,99.99,99.99,99.99,99.99,99.99,99.99,99.99,99.99,99.99,99.99,99.99,99.99,99.99,99.99,99.99,2016-05-24 05:13:52.980903
24/5/16,5:11:53,0.9559,5.8783,5.9829,5.6190,99.99,99.99,99.99,99.99,99.99,99.99,99.99,99.99,99.99,99.99,99.99,99.99,99.99,99.99,99.99,99.99,99.99,99.99,99.99,99.99,2016-05-24 05:13:54.006849
24/5/16,5:19:54,0.9560,5.8788,5.9839,5.6199,99.99,99.99,99.99,99.99,99.99,99.99,99.99,99.99,99.99,99.99,99.99,99.99,99.99,99.99,99.99,99.99,99.99,99.99,99.99,99.99,2016-05-24 05:13:54.980858
24/5/16,5:25:55,0.9560,5.8796,5.9839,5.6209,99.99,99.99,99.99,99.99,99.99,99.99,99.99,99.99,99.99,99.99,99.99,99.99,99.99,99.99,99.99,99.99,99.99,99.99,99.99,99.99,2016-05-24 05:13:56.006409
24/5/16,5:19:56,0.9561,5.8791,5.9843,5.6210,99.99,99.99,99.99,99.99,99.99,99.99,99.99,99.99,99.99,99.99,99.99,99.99,99.99,99.99,99.99,99.99,99.99,99.99,99.99,99.99,2016-05-24 05:13:56.981543
24/5/16,5:18:57,0.9561,5.8798,5.9842,5.6219,99.99,99.99,99.99,99.99,99.99,99.99,99.99,99.99,99.99,99.99,99.99,99.99,99.99,99.99,99.99,99.99,99.99,99.99,99.99,99.99,2016-05-24 05:13:58.006904
24/5/16,5:3:58,0.9561,5.8802,5.9846,5.6222,99.99,99.99,99.99,99.99,99.99,99.99,99.99,99.99,99.99,99.99,99.99,99.99,99.99,99.99,99.99,99.99,99.99,99.99,99.99,99.99,2016-05-24 05:13:58.980964
24/5/16,5:25:59,0.9561,5.8797,5.9846,5.6215,99.99,99.99,99.99,99.99,99.99,99.99,99.99,99.99,99.99,99.99,99.99,99.99,99.99,99.99,99.99,99.99,99.99,99.99,99.99,99.99,2016-05-24 05:14:00.128099
24/5/16,5:16:0,0.9561,5.8799,5.9846,5.6216,99.99,99.99,99.99,99.99,99.99,99.99,99.99,99.99,99.99,99.99,99.99,99.99,99.99,99.99,99.99,99.99,99.99,99.99,99.99,99.99,2016-05-24 05:14:00.979996
24/5/16,5:10:1,0.9561,5.8801,5.9845,5.6222,99.99,99.99,99.99,99.99,99.99,99.99,99.99,99.99,99.99,99.99,99.99,99.99,99.99,99.99,99.99,99.99,99.99,99.99,99.99,99.99,2016-05-24 05:14:02.004959
24/5/16,5:25:2,0.9562,5.8804,5.9846,5.6227,99.99,99.99,99.99,99.99,99.99,99.99,99.99,99.99,99.99,99.99,99.99,99.99,99.99,99.99,99.99,99.99,99.99,99.99,99.99,99.99,2016-05-24 05:14:02.980859
24/5/16,5:16:3,0.9563,5.8804,5.9847,5.6231,99.99,99.99,99.99,99.99,99.99,99.99,99.99,99.99,99.99,99.99,99.99,99.99,99.99,99.99,99.99,99.99,99.99,99.99,99.99,99.99,2016-05-24 05:14:04.007251
24/5/16,5:10:4,0.9561,5.8800,5.9847,5.6221,99.99,99.99,99.99,99.99,99.99,99.99,99.99,99.99,99.99,99.99,99.99,99.99,99.99,99.99,99.99,99.99,99.99,99.99,99.99,99.99,2016-05-24 05:14:04.980815
24/5/16,5:12:5,0.9563,5.8800,5.9850,5.6228,99.99,99.99,99.99,99.99,99.99,99.99,99.99,99.99,99.99,99.99,99.99,99.99,99.99,99.99,99.99,99.99,99.99,99.99,99.99,99.99,2016-05-24 05:14:06.006664
24/5/16,5:24:6,0.9562,5.8803,5.9849,5.6226,99.99,99.99,99.99,99.99,99.99,99.99,99.99,99.99,99.99,99.99,99.99,99.99,99.99,99.99,99.99,99.99,99.99,99.99,99.99,99.99,2016-05-24 05:14:06.980691
24/5/16,5:17:7,0.9562,5.8803,5.9848,5.6229,99.99,99.99,99.99,99.99,99.99,99.99,99.99,99.99,99.99,99.99,99.99,99.99,99.99,99.99,99.99,99.99,99.99,99.99,99.99,99.99,2016-05-24 05:14:08.007046
24/5/16,5:12:8,0.9562,5.8805,5.9850,5.6230,99.99,99.99,99.99,99.99,99.99,99.99,99.99,99.99,99.99,99.99,99.99,99.99,99.99,99.99,99.99,99.99,99.99,99.99,99.99,99.99,2016-05-24 05:14:08.981510
24/5/16,5:20:9,0.9562,5.8811,5.9843,5.6236,99.99,99.99,99.99,99.99,99.99,99.99,99.99,99.99,99.99,99.99,99.99,99.99,99.99,99.99,99.99,99.99,99.99,99.99,99.99,99.99,2016-05-24 05:14:10.009012
24/5/16,5:4:10,0.9562,5.8804,5.9846,5.6228,99.99,99.99,99.99,99.99,99.99,99.99,99.99,99.99,99.99,99.99,99.99,99.99,99.99,99.99,99.99,99.99,99.99,99.99,99.99,99.99,2016-05-24 05:14:10.981038
24/5/16,7:17:11,0.9562,5.8807,5.9845,5.6231,99.99,99.99,99.99,99.99,99.99,99.99,99.99,99.99,99.99,99.99,99.99,99.99,99.99,99.99,99.99,99.99,99.99,99.99,99.99,99.99,2016-05-24 05:14:12.010582
24/5/16,1:0:12,1.2853,7.8368,7.9390,10.0722,99.99,99.99,99.99,99.99,99.99,99.99,99.99,99.99,99.99,99.99,99.99,99.99,99.99,99.99,99.99,99.99,99.99,99.99,99.99,99.99,2016-05-24 05:14:12.980127
24/5/16,2:12:13,1.2858,7.8418,7.9439,10.0832,99.99,99.99,99.99,99.99,99.99,99.99,99.99,99.99,99.99,99.99,99.99,99.99,99.99,99.99,99.99,99.99,99.99,99.99,99.99,99.99,2016-05-24 05:14:14.013053
24/5/16,2:10:14,1.2861,7.8430,7.9442,10.0866,99.99,99.99,99.99,99.99,99.99,99.99,99.99,99.99,99.99,99.99,99.99,99.99,99.99,99.99,99.99,99.99,99.99,99.99,99.99,99.99,2016-05-24 05:14:14.981655
24/5/16,2:12:15,1.2860,7.8437,7.9455,10.0870,99.99,99.99,99.99,99.99,99.99,99.99,99.99,99.99,99.99,99.99,99.99,99.99,99.99,99.99,99.99,99.99,99.99,99.99,99.99,99.99,2016-05-24 05:14:16.006924
24/5/16,2:22:16,1.2861,7.8443,7.9454,10.0889,99.99,99.99,99.99,99.99,99.99,99.99,99.99,99.99,99.99,99.99,99.99,99.99,99.99,99.99,99.99,99.99,99.99,99.99,99.99,99.99,2016-05-24 05:14:16.980577
24/5/16,2:25:17,1.2862,7.8446,7.9456,10.0898,99.99,99.99,99.99,99.99,99.99,99.99,99.99,99.99,99.99,99.99,99.99,99.99,99.99,99.99,99.99,99.99,99.99,99.99,99.99,99.99,2016-05-24 05:14:18.006764
24/5/16,2:20:18,1.2863,7.8443,7.9461,10.0901,99.99,99.99,99.99,99.99,99.99,99.99,99.99,99.99,99.99,99.99,99.99,99.99,99.99,99.99,99.99,99.99,99.99,99.99,99.99,99.99,2016-05-24 05:14:18.981347
24/5/16,2:22:19,1.2863,7.8444,7.9461,10.0902,99.99,99.99,99.99,99.99,99.99,99.99,99.99,99.99,99.99,99.99,99.99,99.99,99.99,99.99,99.99,99.99,99.99,99.99,99.99,99.99,2016-05-24 05:14:20.007711
24/5/16,2:17:20,1.2863,7.8445,7.9461,10.0905,99.99,99.99,99.99,99.99,99.99,99.99,99.99,99.99,99.99,99.99,99.99,99.99,99.99,99.99,99.99,99.99,99.99,99.99,99.99,99.99,2016-05-24 05:14:20.980551
24/5/16,2:14:21,1.2862,7.8447,7.9461,10.0897,99.99,99.99,99.99,99.99,99.99,99.99,99.99,99.99,99.99,99.99,99.99,99.99,99.99,99.99,99.99,99.99,99.99,99.99,99.99,99.99,2016-05-24 05:14:22.005578
24/5/16,2:4:22,1.2863,7.8446,7.9460,10.0903,99.99,99.99,99.99,99.99,99.99,99.99,99.99,99.99,99.99,99.99,99.99,99.99,99.99,99.99,99.99,99.99,99.99,99.99,99.99,99.99,2016-05-24 05:14:22.979726
24/5/16,3:14:23,1.2863,7.8447,7.9459,10.0906,99.99,99.99,99.99,99.99,99.99,99.99,99.99,99.99,99.99,99.99,99.99,99.99,99.99,99.99,99.99,99.99,99.99,99.99,99.99,99.99,2016-05-24 05:14:24.007333
24/5/16,2:14:24,1.2864,7.8453,7.9463,10.0919,99.99,99.99,99.99,99.99,99.99,99.99,99.99,99.99,99.99,99.99,99.99,99.99,99.99,99.99,99.99,99.99,99.99,99.99,99.99,99.99,2016-05-24 05:14:24.980792
24/5/16,3:18:25,1.2863,7.8448,7.9460,10.0904,99.99,99.99,99.99,99.99,99.99,99.99,99.99,99.99,99.99,99.99,99.99,99.99,99.99,99.99,99.99,99.99,99.99,99.99,99.99,99.99,2016-05-24 05:14:26.006892
24/5/16,3:20:26,1.2863,7.8445,7.9460,10.0905,99.99,99.99,99.99,99.99,99.99,99.99,99.99,99.99,99.99,99.99,99.99,99.99,99.99,99.99,99.99,99.99,99.99,99.99,99.99,99.99,2016-05-24 05:14:26.981252
24/5/16,2:12:27,1.2862,7.8451,7.9461,10.0908,99.99,99.99,99.99,99.99,99.99,99.99,99.99,99.99,99.99,99.99,99.99,99.99,99.99,99.99,99.99,99.99,99.99,99.99,99.99,99.99,2016-05-24 05:14:28.012664
24/5/16,3:4:28,1.2863,7.8445,7.9463,10.0902,99.99,99.99,99.99,99.99,99.99,99.99,99.99,99.99,99.99,99.99,99.99,99.99,99.99,99.99,99.99,99.99,99.99,99.99,99.99,99.99,2016-05-24 05:14:28.980172
24/5/16,2:21:29,1.2863,7.8447,7.9463,10.0906,99.99,99.99,99.99,99.99,99.99,99.99,99.99,99.99,99.99,99.99,99.99,99.99,99.99,99.99,99.99,99.99,99.99,99.99,99.99,99.99,2016-05-24 05:14:30.014029
24/5/16,2:14:30,1.2863,7.8450,7.9463,10.0911,99.99,99.99,99.99,99.99,99.99,99.99,99.99,99.99,99.99,99.99,99.99,99.99,99.99,99.99,99.99,99.99,99.99,99.99,99.99,99.99,2016-05-24 05:14:30.980480
24/5/16,2:18:31,1.2864,7.8450,7.9461,10.0916,99.99,99.99,99.99,99.99,99.99,99.99,99.99,99.99,99.99,99.99,99.99,99.99,99.99,99.99,99.99,99.99,99.99,99.99,99.99,99.99,2016-05-24 05:14:32.013756
24/5/16,6:18:32,1.6150,9.7992,9.8991,15.8260,99.99,99.99,99.99,99.99,99.99,99.99,99.99,99.99,99.99,99.99,99.99,99.99,99.99,99.99,99.99,99.99,99.99,99.99,99.99,99.99,2016-05-24 05:14:32.979684
24/5/16,7:10:33,1.6159,9.8069,9.9056,15.8474,99.99,99.99,99.99,99.99,99.99,99.99,99.99,99.99,99.99,99.99,99.99,99.99,99.99,99.99,99.99,99.99,99.99,99.99,99.99,99.99,2016-05-24 05:14:34.005024
24/5/16,0:25:34,1.6162,9.8085,9.9061,15.8524,99.99,99.99,99.99,99.99,99.99,99.99,99.99,99.99,99.99,99.99,99.99,99.99,99.99,99.99,99.99,99.99,99.99,99.99,99.99,99.99,2016-05-24 05:14:35.099290
24/5/16,0:10:35,1.6162,9.8095,9.9069,15.8542,99.99,99.99,99.99,99.99,99.99,99.99,99.99,99.99,99.99,99.99,99.99,99.99,99.99,99.99,99.99,99.99,99.99,99.99,99.99,99.99,2016-05-24 05:14:36.023428
24/5/16,0:4:36,1.6163,9.8098,9.9077,15.8557,99.99,99.99,99.99,99.99,99.99,99.99,99.99,99.99,99.99,99.99,99.99,99.99,99.99,99.99,99.99,99.99,99.99,99.99,99.99,99.99,2016-05-24 05:14:36.980347
24/5/16,0:6:37,1.6163,9.8099,9.9077,15.8559,99.99,99.99,99.99,99.99,99.99,99.99,99.99,99.99,99.99,99.99,99.99,99.99,99.99,99.99,99.99,99.99,99.99,99.99,99.99,99.99,2016-05-24 05:14:38.019720
24/5/16,0:14:38,1.6163,9.8099,9.9078,15.8556,99.99,99.99,99.99,99.99,99.99,99.99,99.99,99.99,99.99,99.99,99.99,99.99,99.99,99.99,99.99,99.99,99.99,99.99,99.99,99.99,2016-05-24 05:14:38.980909
24/5/16,0:14:39,1.6165,9.8103,9.9081,15.8580,99.99,99.99,99.99,99.99,99.99,99.99,99.99,99.99,99.99,99.99,99.99,99.99,99.99,99.99,99.99,99.99,99.99,99.99,99.99,99.99,2016-05-24 05:14:40.007678
24/5/16,0:14:40,1.6164,9.8102,9.9081,15.8569,99.99,99.99,99.99,99.99,99.99,99.99,99.99,99.99,99.99,99.99,99.99,99.99,99.99,99.99,99.99,99.99,99.99,99.99,99.99,99.99,2016-05-24 05:14:40.980409
24/5/16,0:13:41,1.6165,9.8101,9.9084,15.8576,99.99,99.99,99.99,99.99,99.99,99.99,99.99,99.99,99.99,99.99,99.99,99.99,99.99,99.99,99.99,99.99,99.99,99.99,99.99,99.99,2016-05-24 05:14:42.006797
24/5/16,0:12:42,1.6164,9.8098,9.9083,15.8569,99.99,99.99,99.99,99.99,99.99,99.99,99.99,99.99,99.99,99.99,99.99,99.99,99.99,99.99,99.99,99.99,99.99,99.99,99.99,99.99,2016-05-24 05:14:42.980940
24/5/16,0:13:43,1.6165,9.8104,9.9083,15.8587,99.99,99.99,99.99,99.99,99.99,99.99,99.99,99.99,99.99,99.99,99.99,99.99,99.99,99.99,99.99,99.99,99.99,99.99,99.99,99.99,2016-05-24 05:14:44.006538
24/5/16,0:14:44,1.6164,9.8101,9.9081,15.8570,99.99,99.99,99.99,99.99,99.99,99.99,99.99,99.99,99.99,99.99,99.99,99.99,99.99,99.99,99.99,99.99,99.99,99.99,99.99,99.99,2016-05-24 05:14:44.980572
24/5/16,0:16:45,1.6165,9.8105,9.9081,15.8584,99.99,99.99,99.99,99.99,99.99,99.99,99.99,99.99,99.99,99.99,99.99,99.99,99.99,99.99,99.99,99.99,99.99,99.99,99.99,99.99,2016-05-24 05:14:46.127650
24/5/16,0:24:46,1.6166,9.8109,9.9090,15.8600,99.99,99.99,99.99,99.99,99.99,99.99,99.99,99.99,99.99,99.99,99.99,99.99,99.99,99.99,99.99,99.99,99.99,99.99,99.99,99.99,2016-05-24 05:14:46.980715
24/5/16,0:14:47,1.6165,9.8104,9.9086,15.8587,99.99,99.99,99.99,99.99,99.99,99.99,99.99,99.99,99.99,99.99,99.99,99.99,99.99,99.99,99.99,99.99,99.99,99.99,99.99,99.99,2016-05-24 05:14:48.005944
24/5/16,0:10:48,1.6166,9.8107,9.9085,15.8600,99.99,99.99,99.99,99.99,99.99,99.99,99.99,99.99,99.99,99.99,99.99,99.99,99.99,99.99,99.99,99.99,99.99,99.99,99.99,99.99,2016-05-24 05:14:48.981431
24/5/16,0:10:49,1.6165,9.8107,9.9084,15.8592,99.99,99.99,99.99,99.99,99.99,99.99,99.99,99.99,99.99,99.99,99.99,99.99,99.99,99.99,99.99,99.99,99.99,99.99,99.99,99.99,2016-05-24 05:14:50.006240
24/5/16,0:10:50,1.6165,9.8106,9.9084,15.8590,99.99,99.99,99.99,99.99,99.99,99.99,99.99,99.99,99.99,99.99,99.99,99.99,99.99,99.99,99.99,99.99,99.99,99.99,99.99,99.99,2016-05-24 05:14:51.032952
24/5/16,3:21:51,1.8424,9.8103,10.4036,18.0749,99.99,99.99,99.99,99.99,99.99,99.99,99.99,99.99,99.99,99.99,99.99,99.99,99.99,99.99,99.99,99.99,99.99,99.99,99.99,99.99,2016-05-24 05:14:51.980803
24/5/16,4:18:52,1.9457,11.7690,11.8637,22.8988,99.99,99.99,99.99,99.99,99.99,99.99,99.99,99.99,99.99,99.99,99.99,99.99,99.99,99.99,99.99,99.99,99.99,99.99,99.99,99.99,2016-05-24 05:14:53.006556
24/5/16,5:16:53,1.9463,11.7738,11.8680,22.9149,99.99,99.99,99.99,99.99,99.99,99.99,99.99,99.99,99.99,99.99,99.99,99.99,99.99,99.99,99.99,99.99,99.99,99.99,99.99,99.99,2016-05-24 05:14:53.981645
24/5/16,5:20:54,1.9465,11.7754,11.8699,22.9209,99.99,99.99,99.99,99.99,99.99,99.99,99.99,99.99,99.99,99.99,99.99,99.99,99.99,99.99,99.99,99.99,99.99,99.99,99.99,99.99,2016-05-24 05:14:55.006408
24/5/16,6:21:55,1.9466,11.7757,11.8701,22.9226,99.99,99.99,99.99,99.99,99.99,99.99,99.99,99.99,99.99,99.99,99.99,99.99,99.99,99.99,99.99,99.99,99.99,99.99,99.99,99.99,2016-05-24 05:14:55.980762
24/5/16,6:10:56,1.9467,11.7757,11.8708,22.9233,99.99,99.99,99.99,99.99,99.99,99.99,99.99,99.99,99.99,99.99,99.99,99.99,99.99,99.99,99.99,99.99,99.99,99.99,99.99,99.99,2016-05-24 05:14:57.010828
24/5/16,6:18:57,1.9467,11.7762,11.8710,22.9246,99.99,99.99,99.99,99.99,99.99,99.99,99.99,99.99,99.99,99.99,99.99,99.99,99.99,99.99,99.99,99.99,99.99,99.99,99.99,99.99,2016-05-24 05:14:57.979782
24/5/16,6:16:58,1.9468,11.7768,11.8710,22.9270,99.99,99.99,99.99,99.99,99.99,99.99,99.99,99.99,99.99,99.99,99.99,99.99,99.99,99.99,99.99,99.99,99.99,99.99,99.99,99.99,2016-05-24 05:14:59.005113
24/5/16,6:11:59,1.9468,11.7765,11.8711,22.9270,99.99,99.99,99.99,99.99,99.99,99.99,99.99,99.99,99.99,99.99,99.99,99.99,99.99,99.99,99.99,99.99,99.99,99.99,99.99,99.99,2016-05-24 05:14:59.981349
24/5/16,6:14:0,1.9467,11.7771,11.8712,22.9267,99.99,99.99,99.99,99.99,99.99,99.99,99.99,99.99,99.99,99.99,99.99,99.99,99.99,99.99,99.99,99.99,99.99,99.99,99.99,99.99,2016-05-24 05:15:01.007769
24/5/16,6:23:1,1.9468,11.7766,11.8715,22.9273,99.99,99.99,99.99,99.99,99.99,99.99,99.99,99.99,99.99,99.99,99.99,99.99,99.99,99.99,99.99,99.99,99.99,99.99,99.99,99.99,2016-05-24 05:15:01.980348
24/5/16,6:13:2,1.9468,11.7772,11.8718,22.9277,99.99,99.99,99.99,99.99,99.99,99.99,99.99,99.99,99.99,99.99,99.99,99.99,99.99,99.99,99.99,99.99,99.99,99.99,99.99,99.99,2016-05-24 05:15:03.006372
24/5/16,6:10:3,1.9468,11.7767,11.8714,22.9264,99.99,99.99,99.99,99.99,99.99,99.99,99.99,99.99,99.99,99.99,99.99,99.99,99.99,99.99,99.99,99.99,99.99,99.99,99.99,99.99,2016-05-24 05:15:03.980711
24/5/16,6:17:4,1.9467,11.7775,11.8716,22.9278,99.99,99.99,99.99,99.99,99.99,99.99,99.99,99.99,99.99,99.99,99.99,99.99,99.99,99.99,99.99,99.99,99.99,99.99,99.99,99.99,2016-05-24 05:15:05.008146
24/5/16,6:18:5,1.9469,11.7767,11.8716,22.9277,99.99,99.99,99.99,99.99,99.99,99.99,99.99,99.99,99.99,99.99,99.99,99.99,99.99,99.99,99.99,99.99,99.99,99.99,99.99,99.99,2016-05-24 05:15:05.981544
24/5/16,6:20:6,1.9468,11.7770,11.8715,22.9275,99.99,99.99,99.99,99.99,99.99,99.99,99.99,99.99,99.99,99.99,99.99,99.99,99.99,99.99,99.99,99.99,99.99,99.99,99.99,99.99,2016-05-24 05:15:07.009951
24/5/16,6:12:7,1.9470,11.7771,11.8718,22.9303,99.99,99.99,99.99,99.99,99.99,99.99,99.99,99.99,99.99,99.99,99.99,99.99,99.99,99.99,99.99,99.99,99.99,99.99,99.99,99.99,2016-05-24 05:15:07.980604
24/5/16,6:21:8,1.9468,11.7772,11.8714,22.9280,99.99,99.99,99.99,99.99,99.99,99.99,99.99,99.99,99.99,99.99,99.99,99.99,99.99,99.99,99.99,99.99,99.99,99.99,99.99,99.99,2016-05-24 05:15:09.013215
24/5/16,6:24:9,1.9468,11.7773,11.8717,22.9282,99.99,99.99,99.99,99.99,99.99,99.99,99.99,99.99,99.99,99.99,99.99,99.99,99.99,99.99,99.99,99.99,99.99,99.99,99.99,99.99,2016-05-24 05:15:09.979929
24/5/16,6:10:10,1.9468,11.7770,11.8717,22.9278,99.99,99.99,99.99,99.99,99.99,99.99,99.99,99.99,99.99,99.99,99.99,99.99,99.99,99.99,99.99,99.99,99.99,99.99,99.99,99.99,2016-05-24 05:15:11.005708
24/5/16,6:25:11,1.9485,11.7774,11.8715,22.9487,99.99,99.99,99.99,99.99,99.99,99.99,99.99,99.99,99.99,99.99,99.99,99.99,99.99,99.99,99.99,99.99,99.99,99.99,99.99,99.99,2016-05-24 05:15:11.981406
24/5/16,2:15:12,2.2759,13.7339,13.8260,31.2566,99.99,99.99,99.99,99.99,99.99,99.99,99.99,99.99,99.99,99.99,99.99,99.99,99.99,99.99,99.99,99.99,99.99,99.99,99.99,99.99,2016-05-24 05:15:13.008347
24/5/16,3:16:13,2.2768,13.7412,13.8315,31.2864,99.99,99.99,99.99,99.99,99.99,99.99,99.99,99.99,99.99,99.99,99.99,99.99,99.99,99.99,99.99,99.99,99.99,99.99,99.99,99.99,2016-05-24 05:15:13.981026
24/5/16,4:15:14,2.2770,13.7424,13.8335,31.2916,99.99,99.99,99.99,99.99,99.99,99.99,99.99,99.99,99.99,99.99,99.99,99.99,99.99,99.99,99.99,99.99,99.99,99.99,99.99,99.99,2016-05-24 05:15:15.005735
24/5/16,4:15:15,2.2770,13.7433,13.8342,31.2936,99.99,99.99,99.99,99.99,99.99,99.99,99.99,99.99,99.99,99.99,99.99,99.99,99.99,99.99,99.99,99.99,99.99,99.99,99.99,99.99,2016-05-24 05:15:16.101175
24/5/16,4:14:16,2.2771,13.7441,13.8344,31.2967,99.99,99.99,99.99,99.99,99.99,99.99,99.99,99.99,99.99,99.99,99.99,99.99,99.99,99.99,99.99,99.99,99.99,99.99,99.99,99.99,2016-05-24 05:15:17.026101
24/5/16,4:9:17,2.2772,13.7439,13.8349,31.2973,99.99,99.99,99.99,99.99,99.99,99.99,99.99,99.99,99.99,99.99,99.99,99.99,99.99,99.99,99.99,99.99,99.99,99.99,99.99,99.99,2016-05-24 05:15:17.979905
24/5/16,4:10:18,2.2773,13.7445,13.8351,31.3003,99.99,99.99,99.99,99.99,99.99,99.99,99.99,99.99,99.99,99.99,99.99,99.99,99.99,99.99,99.99,99.99,99.99,99.99,99.99,99.99,2016-05-24 05:15:19.019221
24/5/16,4:21:19,2.2773,13.7444,13.8352,31.3005,99.99,99.99,99.99,99.99,99.99,99.99,99.99,99.99,99.99,99.99,99.99,99.99,99.99,99.99,99.99,99.99,99.99,99.99,99.99,99.99,2016-05-24 05:15:19.980500
24/5/16,4:10:20,2.2772,13.7443,13.8352,31.2989,99.99,99.99,99.99,99.99,99.99,99.99,99.99,99.99,99.99,99.99,99.99,99.99,99.99,99.99,99.99,99.99,99.99,99.99,99.99,99.99,2016-05-24 05:15:21.006921
24/5/16,4:18:21,2.2772,13.7445,13.8354,31.2994,99.99,99.99,99.99,99.99,99.99,99.99,99.99,99.99,99.99,99.99,99.99,99.99,99.99,99.99,99.99,99.99,99.99,99.99,99.99,99.99,2016-05-24 05:15:21.979940
24/5/16,4:16:22,2.2773,13.7444,13.8356,31.3002,99.99,99.99,99.99,99.99,99.99,99.99,99.99,99.99,99.99,99.99,99.99,99.99,99.99,99.99,99.99,99.99,99.99,99.99,99.99,99.99,2016-05-24 05:15:23.125837
24/5/16,4:17:23,2.2774,13.7448,13.8354,31.3028,99.99,99.99,99.99,99.99,99.99,99.99,99.99,99.99,99.99,99.99,99.99,99.99,99.99,99.99,99.99,99.99,99.99,99.99,99.99,99.99,2016-05-24 05:15:24.099490
24/5/16,4:16:24,2.2774,13.7446,13.8355,31.3016,99.99,99.99,99.99,99.99,99.99,99.99,99.99,99.99,99.99,99.99,99.99,99.99,99.99,99.99,99.99,99.99,99.99,99.99,99.99,99.99,2016-05-24 05:15:25.024767
24/5/16,4:10:25,2.2775,13.7443,13.8353,31.3025,99.99,99.99,99.99,99.99,99.99,99.99,99.99,99.99,99.99,99.99,99.99,99.99,99.99,99.99,99.99,99.99,99.99,99.99,99.99,99.99,2016-05-24 05:15:26.105838
24/5/16,4:14:26,2.2773,13.7446,13.8355,31.3012,99.99,99.99,99.99,99.99,99.99,99.99,99.99,99.99,99.99,99.99,99.99,99.99,99.99,99.99,99.99,99.99,99.99,99.99,99.99,99.99,2016-05-24 05:15:27.026049
24/5/16,4:23:27,2.2774,13.7449,13.8354,31.3025,99.99,99.99,99.99,99.99,99.99,99.99,99.99,99.99,99.99,99.99,99.99,99.99,99.99,99.99,99.99,99.99,99.99,99.99,99.99,99.99,2016-05-24 05:15:27.980379
24/5/16,4:0:28,2.2774,13.7444,13.8357,31.3013,99.99,99.99,99.99,99.99,99.99,99.99,99.99,99.99,99.99,99.99,99.99,99.99,99.99,99.99,99.99,99.99,99.99,99.99,99.99,99.99,2016-05-24 05:15:29.136355
24/5/16,4:2:29,2.2773,13.7447,13.8356,31.3014,99.99,99.99,99.99,99.99,99.99,99.99,99.99,99.99,99.99,99.99,99.99,99.99,99.99,99.99,99.99,99.99,99.99,99.99,99.99,99.99,2016-05-24 05:15:29.979446
24/5/16,4:10:30,2.2774,13.7447,13.8355,31.3025,99.99,99.99,99.99,99.99,99.99,99.99,99.99,99.99,99.99,99.99,99.99,99.99,99.99,99.99,99.99,99.99,99.99,99.99,99.99,99.99,2016-05-24 05:15:31.005166
24/5/16,3:25:31,2.2774,13.7447,13.8354,31.3025,99.99,99.99,99.99,99.99,99.99,99.99,99.99,99.99,99.99,99.99,99.99,99.99,99.99,99.99,99.99,99.99,99.99,99.99,99.99,99.99,2016-05-24 05:15:31.981511
24/5/16,0:18:32,2.6062,15.7070,15.7985,40.9358,99.99,99.99,99.99,99.99,99.99,99.99,99.99,99.99,99.99,99.99,99.99,99.99,99.99,99.99,99.99,99.99,99.99,99.99,99.99,99.99,2016-05-24 05:15:33.007663
24/5/16,2:18:33,2.6073,15.7100,15.7980,40.9606,99.99,99.99,99.99,99.99,99.99,99.99,99.99,99.99,99.99,99.99,99.99,99.99,99.99,99.99,99.99,99.99,99.99,99.99,99.99,99.99,2016-05-24 05:15:33.982474
24/5/16,2:8:34,2.6076,15.7111,15.7986,40.9685,99.99,99.99,99.99,99.99,99.99,99.99,99.99,99.99,99.99,99.99,99.99,99.99,99.99,99.99,99.99,99.99,99.99,99.99,99.99,99.99,2016-05-24 05:15:35.007132
24/5/16,3:13:35,2.6078,15.7117,15.7992,40.9724,99.99,99.99,99.99,99.99,99.99,99.99,99.99,99.99,99.99,99.99,99.99,99.99,99.99,99.99,99.99,99.99,99.99,99.99,99.99,99.99,2016-05-24 05:15:35.981103
24/5/16,2:14:36,2.6078,15.7120,15.7992,40.9732,99.99,99.99,99.99,99.99,99.99,99.99,99.99,99.99,99.99,99.99,99.99,99.99,99.99,99.99,99.99,99.99,99.99,99.99,99.99,99.99,2016-05-24 05:15:37.129318
24/5/16,2:15:37,2.6079,15.7122,15.7997,40.9761,99.99,99.99,99.99,99.99,99.99,99.99,99.99,99.99,99.99,99.99,99.99,99.99,99.99,99.99,99.99,99.99,99.99,99.99,99.99,99.99,2016-05-24 05:15:37.981229
24/5/16,3:14:38,2.6078,15.7122,15.7997,40.9747,99.99,99.99,99.99,99.99,99.99,99.99,99.99,99.99,99.99,99.99,99.99,99.99,99.99,99.99,99.99,99.99,99.99,99.99,99.99,99.99,2016-05-24 05:15:39.007913
24/5/16,3:18:39,2.6080,15.7124,15.8038,40.9771,99.99,99.99,99.99,99.99,99.99,99.99,99.99,99.99,99.99,99.99,99.99,99.99,99.99,99.99,99.99,99.99,99.99,99.99,99.99,99.99,2016-05-24 05:15:39.982029
24/5/16,3:1:40,2.6080,15.7128,15.7997,40.9784,99.99,99.99,99.99,99.99,99.99,99.99,99.99,99.99,99.99,99.99,99.99,99.99,99.99,99.99,99.99,99.99,99.99,99.99,99.99,99.99,2016-05-24 05:15:41.011024
24/5/16,3:16:41,2.6081,15.7128,15.7999,40.9804,99.99,99.99,99.99,99.99,99.99,99.99,99.99,99.99,99.99,99.99,99.99,99.99,99.99,99.99,99.99,99.99,99.99,99.99,99.99,99.99,2016-05-24 05:15:41.981635
24/5/16,3:3:42,2.6079,15.7122,15.7996,40.9752,99.99,99.99,99.99,99.99,99.99,99.99,99.99,99.99,99.99,99.99,99.99,99.99,99.99,99.99,99.99,99.99,99.99,99.99,99.99,99.99,2016-05-24 05:15:43.013111
24/5/16,3:13:43,2.6080,15.7130,15.8002,40.9790,99.99,99.99,99.99,99.99,99.99,99.99,99.99,99.99,99.99,99.99,99.99,99.99,99.99,99.99,99.99,99.99,99.99,99.99,99.99,99.99,2016-05-24 05:15:43.982191
24/5/16,3:15:44,2.6081,15.7128,15.8003,40.9798,99.99,99.99,99.99,99.99,99.99,99.99,99.99,99.99,99.99,99.99,99.99,99.99,99.99,99.99,99.99,99.99,99.99,99.99,99.99,99.99,2016-05-24 05:15:45.008330
24/5/16,3:11:45,2.6081,15.7131,15.7999,40.9806,99.99,99.99,99.99,99.99,99.99,99.99,99.99,99.99,99.99,99.99,99.99,99.99,99.99,99.99,99.99,99.99,99.99,99.99,99.99,99.99,2016-05-24 05:15:45.981715
24/5/16,3:17:46,2.6081,15.7128,15.8004,40.9800,99.99,99.99,99.99,99.99,99.99,99.99,99.99,99.99,99.99,99.99,99.99,99.99,99.99,99.99,99.99,99.99,99.99,99.99,99.99,99.99,2016-05-24 05:15:47.007580
24/5/16,3:6:47,2.6080,15.7129,15.8006,40.9789,99.99,99.99,99.99,99.99,99.99,99.99,99.99,99.99,99.99,99.99,99.99,99.99,99.99,99.99,99.99,99.99,99.99,99.99,99.99,99.99,2016-05-24 05:15:47.980928
24/5/16,3:12:48,2.6081,15.7127,15.8007,40.9804,99.99,99.99,99.99,99.99,99.99,99.99,99.99,99.99,99.99,99.99,99.99,99.99,99.99,99.99,99.99,99.99,99.99,99.99,99.99,99.99,2016-05-24 05:15:49.124849
24/5/16,3:13:49,2.6081,15.7127,15.8004,40.9806,99.99,99.99,99.99,99.99,99.99,99.99,99.99,99.99,99.99,99.99,99.99,99.99,99.99,99.99,99.99,99.99,99.99,99.99,99.99,99.99,2016-05-24 05:15:49.979691
24/5/16,3:16:50,2.6081,15.7130,15.8002,40.9810,99.99,99.99,99.99,99.99,99.99,99.99,99.99,99.99,99.99,99.99,99.99,99.99,99.99,99.99,99.99,99.99,99.99,99.99,99.99,99.99,2016-05-24 05:15:51.005867
24/5/16,0:22:51,2.8812,15.9583,17.0613,45.9794,99.99,99.99,99.99,99.99,99.99,99.99,99.99,99.99,99.99,99.99,99.99,99.99,99.99,99.99,99.99,99.99,99.99,99.99,99.99,99.99,2016-05-24 05:15:51.980870
24/5/16,0:19:52,2.9376,17.6772,17.7636,51.9284,99.99,99.99,99.99,99.99,99.99,99.99,99.99,99.99,99.99,99.99,99.99,99.99,99.99,99.99,99.99,99.99,99.99,99.99,99.99,99.99,2016-05-24 05:15:53.007411
24/5/16,0:12:53,2.9383,17.6791,17.7637,51.9461,99.99,99.99,99.99,99.99,99.99,99.99,99.99,99.99,99.99,99.99,99.99,99.99,99.99,99.99,99.99,99.99,99.99,99.99,99.99,99.99,2016-05-24 05:15:53.981051
24/5/16,1:20:54,2.9385,17.6806,17.7641,51.9538,99.99,99.99,99.99,99.99,99.99,99.99,99.99,99.99,99.99,99.99,99.99,99.99,99.99,99.99,99.99,99.99,99.99,99.99,99.99,99.99,2016-05-24 05:15:55.006116
24/5/16,1:22:55,2.9385,17.6809,17.7648,51.9548,99.99,99.99,99.99,99.99,99.99,99.99,99.99,99.99,99.99,99.99,99.99,99.99,99.99,99.99,99.99,99.99,99.99,99.99,99.99,99.99,2016-05-24 05:15:55.980311
24/5/16,1:15:56,2.9387,17.6808,17.7651,51.9591,99.99,99.99,99.99,99.99,99.99,99.99,99.99,99.99,99.99,99.99,99.99,99.99,99.99,99.99,99.99,99.99,99.99,99.99,99.99,99.99,2016-05-24 05:15:57.008071
24/5/16,1:22:57,2.9387,17.6814,17.7653,51.9611,99.99,99.99,99.99,99.99,99.99,99.99,99.99,99.99,99.99,99.99,99.99,99.99,99.99,99.99,99.99,99.99,99.99,99.99,99.99,99.99,2016-05-24 05:15:57.981516
24/5/16,1:15:58,2.9387,17.6813,17.7656,51.9599,99.99,99.99,99.99,99.99,99.99,99.99,99.99,99.99,99.99,99.99,99.99,99.99,99.99,99.99,99.99,99.99,99.99,99.99,99.99,99.99,2016-05-24 05:15:59.011167
24/5/16,1:17:59,2.9387,17.6818,17.7658,51.9616,99.99,99.99,99.99,99.99,99.99,99.99,99.99,99.99,99.99,99.99,99.99,99.99,99.99,99.99,99.99,99.99,99.99,99.99,99.99,99.99,2016-05-24 05:15:59.981302
24/5/16,2:12:0,2.9388,17.6818,17.7658,51.9624,99.99,99.99,99.99,99.99,99.99,99.99,99.99,99.99,99.99,99.99,99.99,99.99,99.99,99.99,99.99,99.99,99.99,99.99,99.99,99.99,2016-05-24 05:16:01.014822
24/5/16,2:12:1,2.9387,17.6821,17.7659,51.9628,99.99,99.99,99.99,99.99,99.99,99.99,99.99,99.99,99.99,99.99,99.99,99.99,99.99,99.99,99.99,99.99,99.99,99.99,99.99,99.99,2016-05-24 05:16:01.980317
24/5/16,2:18:2,2.9388,17.6819,17.7655,51.9640,99.99,99.99,99.99,99.99,99.99,99.99,99.99,99.99,99.99,99.99,99.99,99.99,99.99,99.99,99.99,99.99,99.99,99.99,99.99,99.99,2016-05-24 05:16:03.006586
24/5/16,2:14:3,2.9389,17.6815,17.7656,51.9649,99.99,99.99,99.99,99.99,99.99,99.99,99.99,99.99,99.99,99.99,99.99,99.99,99.99,99.99,99.99,99.99,99.99,99.99,99.99,99.99,2016-05-24 05:16:03.982068
24/5/16,2:19:4,2.9388,17.6816,17.7656,51.9622,99.99,99.99,99.99,99.99,99.99,99.99,99.99,99.99,99.99,99.99,99.99,99.99,99.99,99.99,99.99,99.99,99.99,99.99,99.99,99.99,2016-05-24 05:16:05.008315
24/5/16,2:21:5,2.9388,17.6816,17.7654,51.9632,99.99,99.99,99.99,99.99,99.99,99.99,99.99,99.99,99.99,99.99,99.99,99.99,99.99,99.99,99.99,99.99,99.99,99.99,99.99,99.99,2016-05-24 05:16:05.981348
24/5/16,2:6:6,2.9388,17.6820,17.7656,51.9638,99.99,99.99,99.99,99.99,99.99,99.99,99.99,99.99,99.99,99.99,99.99,99.99,99.99,99.99,99.99,99.99,99.99,99.99,99.99,99.99,2016-05-24 05:16:07.007005
24/5/16,2:14:7,2.9388,17.6820,17.7661,51.9643,99.99,99.99,99.99,99.99,99.99,99.99,99.99,99.99,99.99,99.99,99.99,99.99,99.99,99.99,99.99,99.99,99.99,99.99,99.99,99.99,2016-05-24 05:16:07.980975
24/5/16,2:15:8,2.9389,17.6816,17.7659,51.9635,99.99,99.99,99.99,99.99,99.99,99.99,99.99,99.99,99.99,99.99,99.99,99.99,99.99,99.99,99.99,99.99,99.99,99.99,99.99,99.99,2016-05-24 05:16:09.007216
24/5/16,2:13:9,2.9388,17.6819,17.7663,51.9643,99.99,99.99,99.99,99.99,99.99,99.99,99.99,99.99,99.99,99.99,99.99,99.99,99.99,99.99,99.99,99.99,99.99,99.99,99.99,99.99,2016-05-24 05:16:10.105364
24/5/16,2:25:10,2.9387,17.6817,17.7656,51.9615,99.99,99.99,99.99,99.99,99.99,99.99,99.99,99.99,99.99,99.99,99.99,99.99,99.99,99.99,99.99,99.99,99.99,99.99,99.99,99.99,2016-05-24 05:16:11.030551
24/5/16,4:24:11,3.0238,17.6817,17.7658,53.4662,99.99,99.99,99.99,99.99,99.99,99.99,99.99,99.99,99.99,99.99,99.99,99.99,99.99,99.99,99.99,99.99,99.99,99.99,99.99,99.99,2016-05-24 05:16:11.980335
24/5/16,4:7:12,3.2670,19.6385,19.7217,64.1581,99.99,99.99,99.99,99.99,99.99,99.99,99.99,99.99,99.99,99.99,99.99,99.99,99.99,99.99,99.99,99.99,99.99,99.99,99.99,99.99,2016-05-24 05:16:13.017374
24/5/16,5:20:13,3.2676,19.6411,19.7211,64.1800,99.99,99.99,99.99,99.99,99.99,99.99,99.99,99.99,99.99,99.99,99.99,99.99,99.99,99.99,99.99,99.99,99.99,99.99,99.99,99.99,2016-05-24 05:16:13.981206
24/5/16,5:10:14,3.2681,19.6419,19.7223,64.1916,99.99,99.99,99.99,99.99,99.99,99.99,99.99,99.99,99.99,99.99,99.99,99.99,99.99,99.99,99.99,99.99,99.99,99.99,99.99,99.99,2016-05-24 05:16:15.006957
24/5/16,6:3:15,3.2682,19.6422,19.7226,64.1936,99.99,99.99,99.99,99.99,99.99,99.99,99.99,99.99,99.99,99.99,99.99,99.99,99.99,99.99,99.99,99.99,99.99,99.99,99.99,99.99,2016-05-24 05:16:15.981152
24/5/16,6:25:16,3.2683,19.6426,19.7231,64.1979,99.99,99.99,99.99,99.99,99.99,99.99,99.99,99.99,99.99,99.99,99.99,99.99,99.99,99.99,99.99,99.99,99.99,99.99,99.99,99.99,2016-05-24 05:16:17.007241
24/5/16,6:3:17,3.2681,19.6028,19.7227,64.1946,99.99,99.99,99.99,99.99,99.99,99.99,99.99,99.99,99.99,99.99,99.99,99.99,99.99,99.99,99.99,99.99,99.99,99.99,99.99,99.99,2016-05-24 05:16:18.105766
24/5/16,6:14:18,3.2683,19.6429,19.7236,64.1983,99.99,99.99,99.99,99.99,99.99,99.99,99.99,99.99,99.99,99.99,99.99,99.99,99.99,99.99,99.99,99.99,99.99,99.99,99.99,99.99,2016-05-24 05:16:19.028931
24/5/16,6:20:19,3.2683,19.6428,19.7237,64.1983,99.99,99.99,99.99,99.99,99.99,99.99,99.99,99.99,99.99,99.99,99.99,99.99,99.99,99.99,99.99,99.99,99.99,99.99,99.99,99.99,2016-05-24 05:16:19.980588
24/5/16,6:21:20,3.2684,19.6428,19.7236,64.1995,99.99,99.99,99.99,99.99,99.99,99.99,99.99,99.99,99.99,99.99,99.99,99.99,99.99,99.99,99.99,99.99,99.99,99.99,99.99,99.99,2016-05-24 05:16:21.029285
24/5/16,6:14:21,3.2685,19.6432,19.7232,64.2031,99.99,99.99,99.99,99.99,99.99,99.99,99.99,99.99,99.99,99.99,99.99,99.99,99.99,99.99,99.99,99.99,99.99,99.99,99.99,99.99,2016-05-24 05:16:21.979672
24/5/16,6:22:22,3.2684,19.6432,19.7234,64.2016,99.99,99.99,99.99,99.99,99.99,99.99,99.99,99.99,99.99,99.99,99.99,99.99,99.99,99.99,99.99,99.99,99.99,99.99,99.99,99.99,2016-05-24 05:16:23.006008
24/5/16,6:21:23,3.2683,19.6427,19.7234,64.1982,99.99,99.99,99.99,99.99,99.99,99.99,99.99,99.99,99.99,99.99,99.99,99.99,99.99,99.99,99.99,99.99,99.99,99.99,99.99,99.99,2016-05-24 05:16:24.054654
24/5/16,6:12:24,3.2682,19.6433,19.7235,64.1992,99.99,99.99,99.99,99.99,99.99,99.99,99.99,99.99,99.99,99.99,99.99,99.99,99.99,99.99,99.99,99.99,99.99,99.99,99.99,99.99,2016-05-24 05:16:24.980813
24/5/16,6:12:25,3.2682,19.6433,19.7236,64.1987,99.99,99.99,99.99,99.99,99.99,99.99,99.99,99.99,99.99,99.99,99.99,99.99,99.99,99.99,99.99,99.99,99.99,99.99,99.99,99.99,2016-05-24 05:16:26.006863
24/5/16,6:9:26,3.2683,19.6431,19.7239,64.1994,99.99,99.99,99.99,99.99,99.99,99.99,99.99,99.99,99.99,99.99,99.99,99.99,99.99,99.99,99.99,99.99,99.99,99.99,99.99,99.99,2016-05-24 05:16:26.982222
24/5/16,6:15:27,3.2684,19.6433,19.7232,64.2029,99.99,99.99,99.99,99.99,99.99,99.99,99.99,99.99,99.99,99.99,99.99,99.99,99.99,99.99,99.99,99.99,99.99,99.99,99.99,99.99,2016-05-24 05:16:28.007660
24/5/16,6:1:28,3.2682,19.6430,19.7231,64.1973,99.99,99.99,99.99,99.99,99.99,99.99,99.99,99.99,99.99,99.99,99.99,99.99,99.99,99.99,99.99,99.99,99.99,99.99,99.99,99.99,2016-05-24 05:16:28.981092
24/5/16,6:20:29,3.2686,19.6434,19.7237,64.2057,99.99,99.99,99.99,99.99,99.99,99.99,99.99,99.99,99.99,99.99,99.99,99.99,99.99,99.99,99.99,99.99,99.99,99.99,99.99,99.99,2016-05-24 05:16:30.006817
24/5/16,6:25:30,3.2683,19.6430,19.7233,64.1981,99.99,99.99,99.99,99.99,99.99,99.99,99.99,99.99,99.99,99.99,99.99,99.99,99.99,99.99,99.99,99.99,99.99,99.99,99.99,99.99,2016-05-24 05:16:30.981076
24/5/16,3:23:31,3.2683,19.6433,19.7233,64.2006,99.99,99.99,99.99,99.99,99.99,99.99,99.99,99.99,99.99,99.99,99.99,99.99,99.99,99.99,99.99,99.99,99.99,99.99,99.99,99.99,2016-05-24 05:16:32.007148
24/5/16,0:10:32,3.5965,21.5987,21.6782,77.6787,99.99,99.99,99.99,99.99,99.99,99.99,99.99,99.99,99.99,99.99,99.99,99.99,99.99,99.99,99.99,99.99,99.99,99.99,99.99,99.99,2016-05-24 05:16:32.981739
24/5/16,1:14:33,3.5974,21.6025,21.6805,77.7135,99.99,99.99,99.99,99.99,99.99,99.99,99.99,99.99,99.99,99.99,99.99,99.99,99.99,99.99,99.99,99.99,99.99,99.99,99.99,99.99,2016-05-24 05:16:34.008347
24/5/16,2:16:34,3.5977,21.6036,21.6807,77.7227,99.99,99.99,99.99,99.99,99.99,99.99,99.99,99.99,99.99,99.99,99.99,99.99,99.99,99.99,99.99,99.99,99.99,99.99,99.99,99.99,2016-05-24 05:16:34.981328
24/5/16,2:9:35,3.5978,21.6040,21.6815,77.7265,99.99,99.99,99.99,99.99,99.99,99.99,99.99,99.99,99.99,99.99,99.99,99.99,99.99,99.99,99.99,99.99,99.99,99.99,99.99,99.99,2016-05-24 05:16:36.010922
24/5/16,2:15:36,3.5979,21.6045,21.6816,77.7301,99.99,99.99,99.99,99.99,99.99,99.99,99.99,99.99,99.99,99.99,99.99,99.99,99.99,99.99,99.99,99.99,99.99,99.99,99.99,99.99,2016-05-24 05:16:36.980432
24/5/16,2:13:37,3.5980,21.6047,21.6820,77.7344,99.99,99.99,99.99,99.99,99.99,99.99,99.99,99.99,99.99,99.99,99.99,99.99,99.99,99.99,99.99,99.99,99.99,99.99,99.99,99.99,2016-05-24 05:16:38.006399
24/5/16,2:5:38,3.5981,21.6047,21.6817,77.7353,99.99,99.99,99.99,99.99,99.99,99.99,99.99,99.99,99.99,99.99,99.99,99.99,99.99,99.99,99.99,99.99,99.99,99.99,99.99,99.99,2016-05-24 05:16:38.981367
24/5/16,2:10:39,3.5980,21.6046,21.6816,77.7329,99.99,99.99,99.99,99.99,99.99,99.99,99.99,99.99,99.99,99.99,99.99,99.99,99.99,99.99,99.99,99.99,99.99,99.99,99.99,99.99,2016-05-24 05:16:40.007203
24/5/16,2:18:40,3.5980,21.6054,21.6819,77.7358,99.99,99.99,99.99,99.99,99.99,99.99,99.99,99.99,99.99,99.99,99.99,99.99,99.99,99.99,99.99,99.99,99.99,99.99,99.99,99.99,2016-05-24 05:16:41.106456
24/5/16,2:24:41,3.5980,21.6047,21.6819,77.7345,99.99,99.99,99.99,99.99,99.99,99.99,99.99,99.99,99.99,99.99,99.99,99.99,99.99,99.99,99.99,99.99,99.99,99.99,99.99,99.99,2016-05-24 05:16:41.980385
24/5/16,2:8:42,3.5980,21.6043,21.6819,77.7327,99.99,99.99,99.99,99.99,99.99,99.99,99.99,99.99,99.99,99.99,99.99,99.99,99.99,99.99,99.99,99.99,99.99,99.99,99.99,99.99,2016-05-24 05:16:43.006274
24/5/16,3:22:43,3.5980,21.6045,21.6820,77.7321,99.99,99.99,99.99,99.99,99.99,99.99,99.99,99.99,99.99,99.99,99.99,99.99,99.99,99.99,99.99,99.99,99.99,99.99,99.99,99.99,2016-05-24 05:16:43.981433
24/5/16,2:20:44,3.5980,21.6047,21.6817,77.7335,99.99,99.99,99.99,99.99,99.99,99.99,99.99,99.99,99.99,99.99,99.99,99.99,99.99,99.99,99.99,99.99,99.99,99.99,99.99,99.99,2016-05-24 05:16:45.007189
24/5/16,2:20:45,3.5980,21.6051,21.6821,77.7341,99.99,99.99,99.99,99.99,99.99,99.99,99.99,99.99,99.99,99.99,99.99,99.99,99.99,99.99,99.99,99.99,99.99,99.99,99.99,99.99,2016-05-24 05:16:45.981824
24/5/16,2:22:46,3.5980,21.6049,21.6817,77.7342,99.99,99.99,99.99,99.99,99.99,99.99,99.99,99.99,99.99,99.99,99.99,99.99,99.99,99.99,99.99,99.99,99.99,99.99,99.99,99.99,2016-05-24 05:16:47.008121
24/5/16,2:13:47,3.5981,21.6048,21.6819,77.7354,99.99,99.99,99.99,99.99,99.99,99.99,99.99,99.99,99.99,99.99,99.99,99.99,99.99,99.99,99.99,99.99,99.99,99.99,99.99,99.99,2016-05-24 05:16:47.982962
24/5/16,2:19:48,3.5979,21.6052,21.6816,77.7326,99.99,99.99,99.99,99.99,99.99,99.99,99.99,99.99,99.99,99.99,99.99,99.99,99.99,99.99,99.99,99.99,99.99,99.99,99.99,99.99,2016-05-24 05:16:49.129038
24/5/16,2:10:49,3.5978,21.6045,21.6815,77.7294,99.99,99.99,99.99,99.99,99.99,99.99,99.99,99.99,99.99,99.99,99.99,99.99,99.99,99.99,99.99,99.99,99.99,99.99,99.99,99.99,2016-05-24 05:16:49.980556
24/5/16,2:11:50,3.5980,21.6048,21.6820,77.7337,99.99,99.99,99.99,99.99,99.99,99.99,99.99,99.99,99.99,99.99,99.99,99.99,99.99,99.99,99.99,99.99,99.99,99.99,99.99,99.99,2016-05-24 05:16:51.006941
24/5/16,1:17:51,3.5980,21.6043,21.6811,77.7333,99.99,99.99,99.99,99.99,99.99,99.99,99.99,99.99,99.99,99.99,99.99,99.99,99.99,99.99,99.99,99.99,99.99,99.99,99.99,99.99,2016-05-24 05:16:51.981410
24/5/16,5:5:52,3.9259,23.5592,23.6367,92.4905,99.99,99.99,99.99,99.99,99.99,99.99,99.99,99.99,99.99,99.99,99.99,99.99,99.99,99.99,99.99,99.99,99.99,99.99,99.99,99.99,2016-05-24 05:16:53.127629
24/5/16,6:19:53,3.9273,23.5649,23.6392,92.5455,99.99,99.99,99.99,99.99,99.99,99.99,99.99,99.99,99.99,99.99,99.99,99.99,99.99,99.99,99.99,99.99,99.99,99.99,99.99,99.99,2016-05-24 05:16:53.981393
24/5/16,6:9:54,3.9273,23.5667,23.6399,92.5540,99.99,99.99,99.99,99.99,99.99,99.99,99.99,99.99,99.99,99.99,99.99,99.99,99.99,99.99,99.99,99.99,99.99,99.99,99.99,99.99,2016-05-24 05:16:55.007617
24/5/16,7:16:55,3.9276,23.5664,23.6403,92.5601,99.99,99.99,99.99,99.99,99.99,99.99,99.99,99.99,99.99,99.99,99.99,99.99,99.99,99.99,99.99,99.99,99.99,99.99,99.99,99.99,2016-05-24 05:16:55.981560
24/5/16,7:19:56,3.9277,23.5669,23.6411,92.5628,99.99,99.99,99.99,99.99,99.99,99.99,99.99,99.99,99.99,99.99,99.99,99.99,99.99,99.99,99.99,99.99,99.99,99.99,99.99,99.99,2016-05-24 05:16:57.007002
24/5/16,7:10:57,3.9277,23.5670,23.6405,92.5634,99.99,99.99,99.99,99.99,99.99,99.99,99.99,99.99,99.99,99.99,99.99,99.99,99.99,99.99,99.99,99.99,99.99,99.99,99.99,99.99,2016-05-24 05:16:57.981655
24/5/16,7:22:58,3.9277,23.5677,23.6408,92.5666,99.99,99.99,99.99,99.99,99.99,99.99,99.99,99.99,99.99,99.99,99.99,99.99,99.99,99.99,99.99,99.99,99.99,99.99,99.99,99.99,2016-05-24 05:16:58.999278
24/5/16,7:10:59,3.9277,23.5677,23.6407,92.5677,99.99,99.99,99.99,99.99,99.99,99.99,99.99,99.99,99.99,99.99,99.99,99.99,99.99,99.99,99.99,99.99,99.99,99.99,99.99,99.99,2016-05-24 05:16:59.963510
24/5/16,7:18:0,3.9277,23.5670,23.6407,92.5643,99.99,99.99,99.99,99.99,99.99,99.99,99.99,99.99,99.99,99.99,99.99,99.99,99.99,99.99,99.99,99.99,99.99,99.99,99.99,99.99,2016-05-24 05:17:00.989546
24/5/16,7:15:1,3.9278,23.5672,23.6406,92.5662,99.99,99.99,99.99,99.99,99.99,99.99,99.99,99.99,99.99,99.99,99.99,99.99,99.99,99.99,99.99,99.99,99.99,99.99,99.99,99.99,2016-05-24 05:17:02.031809
24/5/16,7:11:2,3.9278,23.5670,23.6407,92.5654,99.99,99.99,99.99,99.99,99.99,99.99,99.99,99.99,99.99,99.99,99.99,99.99,99.99,99.99,99.99,99.99,99.99,99.99,99.99,99.99,2016-05-24 05:17:02.981190
24/5/16,7:13:3,3.9277,23.5668,23.6406,92.5637,99.99,99.99,99.99,99.99,99.99,99.99,99.99,99.99,99.99,99.99,99.99,99.99,99.99,99.99,99.99,99.99,99.99,99.99,99.99,99.99,2016-05-24 05:17:04.014992
24/5/16,6:24:4,3.9277,23.5664,23.6402,92.5612,99.99,99.99,99.99,99.99,99.99,99.99,99.99,99.99,99.99,99.99,99.99,99.99,99.99,99.99,99.99,99.99,99.99,99.99,99.99,99.99,2016-05-24 05:17:04.981468
24/5/16,5:20:5,3.9272,23.5639,23.6371,92.5410,99.99,99.99,99.99,99.99,99.99,99.99,99.99,99.99,99.99,99.99,99.99,99.99,99.99,99.99,99.99,99.99,99.99,99.99,99.99,99.99,2016-05-24 05:17:06.007105
24/5/16,6:23:6,3.9273,23.5639,23.6367,92.5428,99.99,99.99,99.99,99.99,99.99,99.99,99.99,99.99,99.99,99.99,99.99,99.99,99.99,99.99,99.99,99.99,99.99,99.99,99.99,99.99,2016-05-24 05:17:06.981447
24/5/16,7:10:7,3.9275,23.5655,23.6377,92.5525,99.99,99.99,99.99,99.99,99.99,99.99,99.99,99.99,99.99,99.99,99.99,99.99,99.99,99.99,99.99,99.99,99.99,99.99,99.99,99.99,2016-05-24 05:17:08.007422
24/5/16,7:7:8,3.9274,23.5650,23.6392,92.5504,99.99,99.99,99.99,99.99,99.99,99.99,99.99,99.99,99.99,99.99,99.99,99.99,99.99,99.99,99.99,99.99,99.99,99.99,99.99,99.99,2016-05-24 05:17:08.983593
24/5/16,6:12:9,3.9276,23.5667,23.6401,92.5611,99.99,99.99,99.99,99.99,99.99,99.99,99.99,99.99,99.99,99.99,99.99,99.99,99.99,99.99,99.99,99.99,99.99,99.99,99.99,99.99,2016-05-24 05:17:10.009784
24/5/16,6:15:10,3.9277,23.5654,23.6403,92.5573,99.99,99.99,99.99,99.99,99.99,99.99,99.99,99.99,99.99,99.99,99.99,99.99,99.99,99.99,99.99,99.99,99.99,99.99,99.99,99.99,2016-05-24 05:17:10.980892
24/5/16,7:20:11,4.1578,23.5667,24.1829,97.9844,99.99,99.99,99.99,99.99,99.99,99.99,99.99,99.99,99.99,99.99,99.99,99.99,99.99,99.99,99.99,99.99,99.99,99.99,99.99,99.99,2016-05-24 05:17:12.006483
24/5/16,2:17:12,4.2564,25.5255,25.5968,108.6466,99.99,99.99,99.99,99.99,99.99,99.99,99.99,99.99,99.99,99.99,99.99,99.99,99.99,99.99,99.99,99.99,99.99,99.99,99.99,99.99,2016-05-24 05:17:12.981021
24/5/16,2:25:13,4.2570,25.5278,25.5986,108.6729,99.99,99.99,99.99,99.99,99.99,99.99,99.99,99.99,99.99,99.99,99.99,99.99,99.99,99.99,99.99,99.99,99.99,99.99,99.99,99.99,2016-05-24 05:17:14.007793
24/5/16,4:11:14,4.2571,25.5270,25.5975,108.6719,99.99,99.99,99.99,99.99,99.99,99.99,99.99,99.99,99.99,99.99,99.99,99.99,99.99,99.99,99.99,99.99,99.99,99.99,99.99,99.99,2016-05-24 05:17:14.985796
24/5/16,3:11:15,4.2576,25.5285,25.6001,108.6891,99.99,99.99,99.99,99.99,99.99,99.99,99.99,99.99,99.99,99.99,99.99,99.99,99.99,99.99,99.99,99.99,99.99,99.99,99.99,99.99,2016-05-24 05:17:16.012063
24/5/16,4:10:16,4.2575,25.5289,25.5994,108.6904,99.99,99.99,99.99,99.99,99.99,99.99,99.99,99.99,99.99,99.99,99.99,99.99,99.99,99.99,99.99,99.99,99.99,99.99,99.99,99.99,2016-05-24 05:17:16.981668
24/5/16,3:23:17,4.2576,25.5268,25.5985,108.6839,99.99,99.99,99.99,99.99,99.99,99.99,99.99,99.99,99.99,99.99,99.99,99.99,99.99,99.99,99.99,99.99,99.99,99.99,99.99,99.99,2016-05-24 05:17:18.127263
24/5/16,4:10:18,4.2576,25.5304,25.6007,108.6985,99.99,99.99,99.99,99.99,99.99,99.99,99.99,99.99,99.99,99.99,99.99,99.99,99.99,99.99,99.99,99.99,99.99,99.99,99.99,99.99,2016-05-24 05:17:18.980663
24/5/16,4:21:19,4.2571,25.5303,25.5982,108.6840,99.99,99.99,99.99,99.99,99.99,99.99,99.99,99.99,99.99,99.99,99.99,99.99,99.99,99.99,99.99,99.99,99.99,99.99,99.99,99.99,2016-05-24 05:17:20.008053
24/5/16,4:9:20,4.2577,25.5310,25.6013,108.7024,99.99,99.99,99.99,99.99,99.99,99.99,99.99,99.99,99.99,99.99,99.99,99.99,99.99,99.99,99.99,99.99,99.99,99.99,99.99,99.99,2016-05-24 05:17:20.985356
24/5/16,4:18:21,4.2573,25.5266,25.5971,108.6744,99.99,99.99,99.99,99.99,99.99,99.99,99.99,99.99,99.99,99.99,99.99,99.99,99.99,99.99,99.99,99.99,99.99,99.99,99.99,99.99,2016-05-24 05:17:22.011711
24/5/16,3:15:22,4.2574,25.5296,25.5994,108.6893,99.99,99.99,99.99,99.99,99.99,99.99,99.99,99.99,99.99,99.99,99.99,99.99,99.99,99.99,99.99,99.99,99.99,99.99,99.99,99.99,2016-05-24 05:17:22.981840
24/5/16,4:6:23,4.2575,25.5298,25.5989,108.6927,99.99,99.99,99.99,99.99,99.99,99.99,99.99,99.99,99.99,99.99,99.99,99.99,99.99,99.99,99.99,99.99,99.99,99.99,99.99,99.99,2016-05-24 05:17:24.008559
24/5/16,3:5:24,4.2577,25.5297,25.6005,108.6968,99.99,99.99,99.99,99.99,99.99,99.99,99.99,99.99,99.99,99.99,99.99,99.99,99.99,99.99,99.99,99.99,99.99,99.99,99.99,99.99,2016-05-24 05:17:24.981284
24/5/16,3:19:25,4.2575,25.5269,25.5989,108.6812,99.99,99.99,99.99,99.99,99.99,99.99,99.99,99.99,99.99,99.99,99.99,99.99,99.99,99.99,99.99,99.99,99.99,99.99,99.99,99.99,2016-05-24 05:17:26.007691
24/5/16,4:11:26,4.2578,25.5287,25.5992,108.6956,99.99,99.99,99.99,99.99,99.99,99.99,99.99,99.99,99.99,99.99,99.99,99.99,99.99,99.99,99.99,99.99,99.99,99.99,99.99,99.99,2016-05-24 05:17:26.985478
24/5/16,4:21:27,4.2576,25.5311,25.6007,108.7013,99.99,99.99,99.99,99.99,99.99,99.99,99.99,99.99,99.99,99.99,99.99,99.99,99.99,99.99,99.99,99.99,99.99,99.99,99.99,99.99,2016-05-24 05:17:28.000121
24/5/16,4:19:28,4.2574,25.5280,25.5979,108.6827,99.99,99.99,99.99,99.99,99.99,99.99,99.99,99.99,99.99,99.99,99.99,99.99,99.99,99.99,99.99,99.99,99.99,99.99,99.99,99.99,2016-05-24 05:17:28.962372
24/5/16,4:11:29,4.2576,25.5291,25.6000,108.6932,99.99,99.99,99.99,99.99,99.99,99.99,99.99,99.99,99.99,99.99,99.99,99.99,99.99,99.99,99.99,99.99,99.99,99.99,99.99,99.99,2016-05-24 05:17:29.978582
24/5/16,3:24:30,4.2578,25.5282,25.5987,108.6929,99.99,99.99,99.99,99.99,99.99,99.99,99.99,99.99,99.99,99.99,99.99,99.99,99.99,99.99,99.99,99.99,99.99,99.99,99.99,99.99,2016-05-24 05:17:31.005084
24/5/16,4:20:31,4.3082,25.5295,25.5992,109.9862,99.99,99.99,99.99,99.99,99.99,99.99,99.99,99.99,99.99,99.99,99.99,99.99,99.99,99.99,99.99,99.99,99.99,99.99,99.99,99.99,2016-05-24 05:17:31.985140
24/5/16,4:25:32,4.5849,27.4779,27.5465,125.9834,99.99,99.99,99.99,99.99,99.99,99.99,99.99,99.99,99.99,99.99,99.99,99.99,99.99,99.99,99.99,99.99,99.99,99.99,99.99,99.99,2016-05-24 05:17:33.010737
24/5/16,4:0:33,4.5861,27.4845,27.5522,126.0469,99.99,99.99,99.99,99.99,99.99,99.99,99.99,99.99,99.99,99.99,99.99,99.99,99.99,99.99,99.99,99.99,99.99,99.99,99.99,99.99,2016-05-24 05:17:34.101432
24/5/16,6:16:34,4.5862,27.4847,27.5528,126.0506,99.99,99.99,99.99,99.99,99.99,99.99,99.99,99.99,99.99,99.99,99.99,99.99,99.99,99.99,99.99,99.99,99.99,99.99,99.99,99.99,2016-05-24 05:17:35.027444
24/5/16,6:24:35,4.5863,27.4851,27.5523,126.0546,99.99,99.99,99.99,99.99,99.99,99.99,99.99,99.99,99.99,99.99,99.99,99.99,99.99,99.99,99.99,99.99,99.99,99.99,99.99,99.99,2016-05-24 05:17:35.980303
24/5/16,7:10:36,4.5861,27.4845,27.5520,126.0477,99.99,99.99,99.99,99.99,99.99,99.99,99.99,99.99,99.99,99.99,99.99,99.99,99.99,99.99,99.99,99.99,99.99,99.99,99.99,99.99,2016-05-24 05:17:37.033178
24/5/16,7:21:37,4.5865,27.4861,27.5534,126.0640,99.99,99.99,99.99,99.99,99.99,99.99,99.99,99.99,99.99,99.99,99.99,99.99,99.99,99.99,99.99,99.99,99.99,99.99,99.99,99.99,2016-05-24 05:17:37.981153
24/5/16,7:23:38,4.5862,27.4861,27.5523,126.0566,99.99,99.99,99.99,99.99,99.99,99.99,99.99,99.99,99.99,99.99,99.99,99.99,99.99,99.99,99.99,99.99,99.99,99.99,99.99,99.99,2016-05-24 05:17:39.011169
24/5/16,6:15:39,4.5861,27.4851,27.5514,126.0491,99.99,99.99,99.99,99.99,99.99,99.99,99.99,99.99,99.99,99.99,99.99,99.99,99.99,99.99,99.99,99.99,99.99,99.99,99.99,99.99,2016-05-24 05:17:39.981609
24/5/16,7:0:40,4.5867,27.4872,27.5540,126.0759,99.99,99.99,99.99,99.99,99.99,99.99,99.99,99.99,99.99,99.99,99.99,99.99,99.99,99.99,99.99,99.99,99.99,99.99,99.99,99.99,2016-05-24 05:17:41.008965
24/5/16,7:0:41,4.5863,27.4860,27.5525,126.0588,99.99,99.99,99.99,99.99,99.99,99.99,99.99,99.99,99.99,99.99,99.99,99.99,99.99,99.99,99.99,99.99,99.99,99.99,99.99,99.99,2016-05-24 05:17:41.980698
24/5/16,6:4:42,4.5865,27.4867,27.5530,126.0672,99.99,99.99,99.99,99.99,99.99,99.99,99.99,99.99,99.99,99.99,99.99,99.99,99.99,99.99,99.99,99.99,99.99,99.99,99.99,99.99,2016-05-24 05:17:43.013730
24/5/16,7:12:43,4.5869,27.4858,27.5537,126.0735,99.99,99.99,99.99,99.99,99.99,99.99,99.99,99.99,99.99,99.99,99.99,99.99,99.99,99.99,99.99,99.99,99.99,99.99,99.99,99.99,2016-05-24 05:17:43.981283
24/5/16,7:9:44,4.5861,27.4849,27.5510,126.0490,99.99,99.99,99.99,99.99,99.99,99.99,99.99,99.99,99.99,99.99,99.99,99.99,99.99,99.99,99.99,99.99,99.99,99.99,99.99,99.99,2016-05-24 05:17:45.020346
24/5/16,7:12:45,4.5864,27.4855,27.5519,126.0605,99.99,99.99,99.99,99.99,99.99,99.99,99.99,99.99,99.99,99.99,99.99,99.99,99.99,99.99,99.99,99.99,99.99,99.99,99.99,99.99,2016-05-24 05:17:45.980555
24/5/16,6:18846,4.5866,27.4865,27.5531,126.0691,99.99,99.99,99.99,99.99,99.99,99.99,99.99,99.99,99.99,99.99,99.99,99.99,99.99,99.99,99.99,99.99,99.99,99.99,99.99,99.99,2016-05-24 05:17:47.128048
24/5/16,7:17:47,4.5864,27.4854,27.5516,126.0590,99.99,99.99,99.99,99.99,99.99,99.99,99.99,99.99,99.99,99.99,99.99,99.99,99.99,99.99,99.99,99.99,99.99,99.99,99.99,99.99,2016-05-24 05:17:47.981220
24/5/16,6:10:48,4.5866,27.4849,27.5516,126.0628,99.99,99.99,99.99,99.99,99.99,99.99,99.99,99.99,99.99,99.99,99.99,99.99,99.99,99.99,99.99,99.99,99.99,99.99,99.99,99.99,2016-05-24 05:17:49.008027
24/5/16,6:15:49,4.5864,27.4860,27.5514,126.0617,99.99,99.99,99.99,99.99,99.99,99.99,99.99,99.99,99.99,99.99,99.99,99.99,99.99,99.99,99.99,99.99,99.99,99.99,99.99,99.99,2016-05-24 05:17:49.981874
24/5/16,7:25:50,4.5867,27.4847,27.5523,126.0646,99.99,99.99,99.99,99.99,99.99,99.99,99.99,99.99,99.99,99.99,99.99,99.99,99.99,99.99,99.99,99.99,99.99,99.99,99.99,99.99,2016-05-24 05:17:51.010939
24/5/16,4:21:51,4.5866,27.4863,27.5542,126.0683,99.99,99.99,99.99,99.99,99.99,99.99,99.99,99.99,99.99,99.99,99.99,99.99,99.99,99.99,99.99,99.99,99.99,99.99,99.99,99.99,2016-05-24 05:17:51.981439
24/5/16,2:15:52,4.9147,29.4438,29.5118,144.7076,99.99,99.99,99.99,99.99,99.99,99.99,99.99,99.99,99.99,99.99,99.99,99.99,99.99,99.99,99.99,99.99,99.99,99.99,99.99,99.99,2016-05-24 05:17:53.014670
24/5/16,3:11:53,4.9164,29.4483,29.5125,144.7796,99.99,99.99,99.99,99.99,99.99,99.99,99.99,99.99,99.99,99.99,99.99,99.99,99.99,99.99,99.99,99.99,99.99,99.99,99.99,99.99,2016-05-24 05:17:53.980462
20/5/16,4:0:54,4.9167,29.4528,29.5155,144.8101,99.99,99.99,99.99,99.99,99.99,99.99,99.99,99.99,99.99,99.99,99.99,99.99,99.99,99.99,99.99,99.99,99.99,99.99,99.99,99.99,2016-05-24 05:17:55.141050
24/5/16,5:23:55,4.9164,29.4516,29.5140,144.7952,99.99,99.99,99.99,99.99,99.99,99.99,99.99,99.99,99.99,99.99,99.99,99.99,99.99,99.99,99.99,99.99,99.99,99.99,99.99,99.99,2016-05-24 05:17:55.979722
24/5/16,4:9:56,4.9166,29.4507,29.5143,144.7966,99.99,99.99,99.99,99.99,99.99,99.99,99.99,99.99,99.99,99.99,99.99,99.99,99.99,99.99,99.99,99.99,99.99,99.99,99.99,99.99,2016-05-24 05:17:57.006043
24/5/16,4:22:57,4.9169,29.4515,29.5151,144.8088,99.99,99.99,99.99,99.99,99.99,99.99,99.99,99.99,99.99,99.99,99.99,99.99,99.99,99.99,99.99,99.99,99.99,99.99,99.99,99.99,2016-05-24 05:17:57.980902
24/5/16,4:20:58,4.9166,29.4512,29.5141,144.8011,99.99,99.99,99.99,99.99,99.99,99.99,99.99,99.99,99.99,99.99,99.99,99.99,99.99,99.99,99.99,99.99,99.99,99.99,99.99,99.99,2016-05-24 05:17:59.008779
24/5/16,5:21:59,4.9166,29.4491,29.5129,144.7909,99.99,99.99,99.99,99.99,99.99,99.99,99.99,99.99,99.99,99.99,99.99,99.99,99.99,99.99,99.99,99.99,99.99,99.99,99.99,99.99,2016-05-24 05:17:59.981448
24/5/16,4:0:0,4.9170,29.4493,29.5134,144.8020,99.99,99.99,99.99,99.99,99.99,99.99,99.99,99.99,99.99,99.99,99.99,99.99,99.99,99.99,99.99,99.99,99.99,99.99,99.99,99.99,2016-05-24 05:18:01.007386
24/5/16,5:16:1,4.9167,29.4497,29.5215,144.7959,99.99,99.99,99.99,99.99,99.99,99.99,99.99,99.99,99.99,99.99,99.99,99.99,99.99,99.99,99.99,99.99,99.99,99.99,99.99,99.99,2016-05-24 05:18:01.981456
24/5/16,4:4:2,4.9170,29.4503,29.5143,144.8067,99.99,99.99,99.99,99.99,99.99,99.99,99.99,99.99,99.99,99.99,99.99,99.99,99.99,99.99,99.99,99.99,99.99,99.99,99.99,99.99,2016-05-24 05:18:03.010126
24/5/16,4:14:3,4.9168,29.4488,29.5134,144.7934,99.99,99.99,99.99,99.99,99.99,99.99,99.99,99.99,99.99,99.99,99.99,99.99,99.99,99.99,99.99,99.99,99.99,99.99,99.99,99.99,2016-05-24 05:18:03.980569
24/5/16,4:16:4,4.9166,29.4516,29.5135,144.8021,99.99,99.99,99.99,99.99,99.99,99.99,99.99,99.99,99.99,99.99,99.99,99.99,99.99,99.99,99.99,99.99,99.99,99.99,99.99,99.99,2016-05-24 05:18:05.005550
24/5/16,4:18:5,4.9166,29.4521,29.5141,144.8037,99.99,99.99,99.99,99.99,99.99,99.99,99.99,99.99,99.99,99.99,99.99,99.99,99.99,99.99,99.99,99.99,99.99,99.99,99.99,99.99,2016-05-24 05:18:05.979885
24/5/16,4:8:6,4.9166,29.4490,29.5124,144.7883,99.99,99.99,99.99,99.99,99.99,99.99,99.99,99.99,99.99,99.99,99.99,99.99,99.99,99.99,99.99,99.99,99.99,99.99,99.99,99.99,2016-05-24 05:18:07.009126
24/5/16,5:4:7,4.9169,29.4509,29.5133,144.8079,99.99,99.99,99.99,99.99,99.99,99.99,99.99,99.99,99.99,99.99,99.99,99.99,99.99,99.99,99.99,99.99,99.99,99.99,99.99,99.99,2016-05-24 05:18:07.981133
24/5/16,4:10:8,4.9168,29.4525,29.5147,144.8132,99.99,99.99,99.99,99.99,99.99,99.99,99.99,99.99,99.99,99.99,99.99,99.99,99.99,99.99,99.99,99.99,99.99,99.99,99.99,99.99,2016-05-24 05:18:09.006901
24/5/16,4:8:9,4.9169,29.4497,29.5146,144.8025,99.99,99.99,99.99,99.99,99.99,99.99,99.99,99.99,99.99,99.99,99.99,99.99,99.99,99.99,99.99,99.99,99.99,99.99,99.99,99.99,2016-05-24 05:18:09.982161
24/5/16,4:8:10,4.9169,29.4506,29.5130,144.8051,99.99,99.99,99.99,99.99,99.99,99.99,99.99,99.99,99.99,99.99,99.99,99.99,99.99,99.99,99.99,99.99,99.99,99.99,99.99,99.99,2016-05-24 05:18:11.007241
24/5/16,7:15:11,5.1272,29.4514,29.7442,151.0024,99.99,99.99,99.99,99.99,99.99,99.99,99.99,99.99,99.99,99.99,99.99,99.99,99.99,99.99,99.99,99.99,99.99,99.99,99.99,99.99,2016-05-24 05:18:11.980918
24/5/16,2:17:12,5.2460,31.4096,31.4727,164.7748,99.99,99.99,99.99,99.99,99.99,99.99,99.99,99.99,99.99,99.99,99.99,99.99,99.99,99.99,99.99,99.99,99.99,99.99,99.99,99.99,2016-05-24 05:18:13.008027
24/5/16,2:10:13,5.2466,31.4144,31.4743,164.8175,99.99,99.99,99.99,99.99,99.99,99.99,99.99,99.99,99.99,99.99,99.99,99.99,99.99,99.99,99.99,99.99,99.99,99.99,99.99,99.99,2016-05-24 05:18:14.100113
24/5/16,3:15:14,5.2472,31.4166,31.4760,164.8479,99.99,99.99,99.99,99.99,99.99,99.99,99.99,99.99,99.99,99.99,99.99,99.99,99.99,99.99,99.99,99.99,99.99,99.99,99.99,99.99,2016-05-24 05:18:15.025004
24/5/16,2:25:15,5.2467,31.4139,31.4747,164.8190,99.99,99.99,99.99,99.99,99.99,99.99,99.99,99.99,99.99,99.99,99.99,99.99,99.99,99.99,99.99,99.99,99.99,99.99,99.99,99.99,2016-05-24 05:18:16.099234
24/5/16,2:18:16,5.2470,31.4167,31.4746,164.8437,99.99,99.99,99.99,99.99,99.99,99.99,99.99,99.99,99.99,99.99,99.99,99.99,99.99,99.99,99.99,99.99,99.99,99.99,99.99,99.99,2016-05-24 05:18:17.023956
24/5/16,3:8:17,5.2473,31.4168,31.4756,164.8524,99.99,99.99,99.99,99.99,99.99,99.99,99.99,99.99,99.99,99.99,99.99,99.99,99.99,99.99,99.99,99.99,99.99,99.99,99.99,99.99,2016-05-24 05:18:17.980336
24/5/16,3:12:18,5.2472,31.4134,31.4746,164.8311,99.99,99.99,99.99,99.99,99.99,99.99,99.99,99.99,99.99,99.99,99.99,99.99,99.99,99.99,99.99,99.99,99.99,99.99,99.99,99.99,2016-05-24 05:18:19.139150
24/5/16,2:18:19,5.2474,31.4155,31.4764,164.8504,99.99,99.99,99.99,99.99,99.99,99.99,99.99,99.99,99.99,99.99,99.99,99.99,99.99,99.99,99.99,99.99,99.99,99.99,99.99,99.99,2016-05-24 05:18:19.980355
24/5/16,3:14:20,5.2473,31.4148,31.4744,164.8427,99.99,99.99,99.99,99.99,99.99,99.99,99.99,99.99,99.99,99.99,99.99,99.99,99.99,99.99,99.99,99.99,99.99,99.99,99.99,99.99,2016-05-24 05:18:21.006210
24/5/16,2:10:21,5.2471,31.4150,31.4734,164.8360,99.99,99.99,99.99,99.99,99.99,99.99,99.99,99.99,99.99,99.99,99.99,99.99,99.99,99.99,99.99,99.99,99.99,99.99,99.99,99.99,2016-05-24 05:18:21.982177
24/5/16,2:12:22,5.2473,31.4162,31.4809,164.8496,99.99,99.99,99.99,99.99,99.99,99.99,99.99,99.99,99.99,99.99,99.99,99.99,99.99,99.99,99.99,99.99,99.99,99.99,99.99,99.99,2016-05-24 05:18:23.008004
24/5/16,3:15:23,5.2472,31.4158,31.4747,164.8456,99.99,99.99,99.99,99.99,99.99,99.99,99.99,99.99,99.99,99.99,99.99,99.99,99.99,99.99,99.99,99.99,99.99,99.99,99.99,99.99,2016-05-24 05:18:23.981894
24/5/16,3:22:24,5.2469,31.4157,31.4748,164.8358,99.99,99.99,99.99,99.99,99.99,99.99,99.99,99.99,99.99,99.99,99.99,99.99,99.99,99.99,99.99,99.99,99.99,99.99,99.99,99.99,2016-05-24 05:18:25.006676
24/5/16,2:14:25,5.2469,31.4142,31.4723,164.8273,99.99,99.99,99.99,99.99,99.99,99.99,99.99,99.99,99.99,99.99,99.99,99.99,99.99,99.99,99.99,99.99,99.99,99.99,99.99,99.99,2016-05-24 05:18:25.981243
24/5/16,2:10:26,5.2472,31.4133,31.4742,164.8332,99.99,99.99,99.99,99.99,99.99,99.99,99.99,99.99,99.99,99.99,99.99,99.99,99.99,99.99,99.99,99.99,99.99,99.99,99.99,99.99,2016-05-24 05:18:27.006168
24/5/16,2:12:27,5.2469,31.4111,31.4730,164.8116,99.99,99.99,99.99,99.99,99.99,99.99,99.99,99.99,99.99,99.99,99.99,99.99,99.99,99.99,99.99,99.99,99.99,99.99,99.99,99.99,2016-05-24 05:18:27.981385
24/5/16,2:12:28,5.2469,31.4140,31.4735,164.8267,99.99,99.99,99.99,99.99,99.99,99.99,99.99,99.99,99.99,99.99,99.99,99.99,99.99,99.99,99.99,99.99,99.99,99.99,99.99,99.99,2016-05-24 05:18:29.008698
24/5/16,2:18:29,5.2472,31.4119,31.4726,164.8232,99.99,99.99,99.99,99.99,99.99,99.99,99.99,99.99,99.99,99.99,99.99,99.99,99.99,99.99,99.99,99.99,99.99,99.99,99.99,99.99,2016-05-24 05:18:29.982505
24/5/16,2:0:30,5.2469,31.4138,31.4717,164.8251,99.99,99.99,99.99,99.99,99.99,99.99,99.99,99.99,99.99,99.99,99.99,99.99,99.99,99.99,99.99,99.99,99.99,99.99,99.99,99.99,2016-05-24 05:18:31.007926
24/5/16,6:22:31,5.2720,31.4133,31.4739,165.6107,99.99,99.99,99.99,99.99,99.99,99.99,99.99,99.99,99.99,99.99,99.99,99.99,99.99,99.99,99.99,99.99,99.99,99.99,99.99,99.99,2016-05-24 05:18:31.981778
24/5/16,6:14:32,5.5758,33.3738,33.4338,186.0863,99.99,99.99,99.99,99.99,99.99,99.99,99.99,99.99,99.99,99.99,99.99,99.99,99.99,99.99,99.99,99.99,99.99,99.99,99.99,99.99,2016-05-24 05:18:33.006954
24/5/16,0:10:33,5.5771,33.3891,33.4337,186.2155,99.99,99.99,99.99,99.99,99.99,99.99,99.99,99.99,99.99,99.99,99.99,99.99,99.99,99.99,99.99,99.99,99.99,99.99,99.99,99.99,2016-05-24 05:18:33.982998
24/5/16,0:10:34,5.5773,33.3776,33.4358,186.1577,99.99,99.99,99.99,99.99,99.99,99.99,99.99,99.99,99.99,99.99,99.99,99.99,99.99,99.99,99.99,99.99,99.99,99.99,99.99,99.99,2016-05-24 05:18:35.009930
24/5/16,0:4:35,5.5775,33.3794,33.4366,186.1750,99.99,99.99,99.99,99.99,99.99,99.99,99.99,99.99,99.99,99.99,99.99,99.99,99.99,99.99,99.99,99.99,99.99,99.99,99.99,99.99,2016-05-24 05:18:35.981310
24/5/16,0:18:36,5.5772,33.3768,33.4337,186.1503,99.99,99.99,99.99,99.99,99.99,99.99,99.99,99.99,99.99,99.99,99.99,99.99,99.99,99.99,99.99,99.99,99.99,99.99,99.99,99.99,2016-05-24 05:18:37.008031
24/5/16,0:10:37,5.5774,33.3795,33.4362,186.1714,99.99,99.99,99.99,99.99,99.99,99.99,99.99,99.99,99.99,99.99,99.99,99.99,99.99,99.99,99.99,99.99,99.99,99.99,99.99,99.99,2016-05-24 05:18:37.979823
24/5/16,0:14:38,5.5776,33.3796,33.4367,186.1788,99.99,99.99,99.99,99.99,99.99,99.99,99.99,99.99,99.99,99.99,99.99,99.99,99.99,99.99,99.99,99.99,99.99,99.99,99.99,99.99,2016-05-24 05:18:39.006941
24/5/16,7:12:39,5.5775,33.3793,33.4358,186.1727,99.99,99.99,99.99,99.99,99.99,99.99,99.99,99.99,99.99,99.99,99.99,99.99,99.99,99.99,99.99,99.99,99.99,99.99,99.99,99.99,2016-05-24 05:18:39.981360
24/5/16,7:4:40,5.5772,33.3797,33.4348,186.1642,99.99,99.99,99.99,99.99,99.99,99.99,99.99,99.99,99.99,99.99,99.99,99.99,99.99,99.99,99.99,99.99,99.99,99.99,99.99,99.99,2016-05-24 05:18:41.019348
24/5/16,7:7:41,5.5775,33.3784,33.4345,186.1694,99.99,99.99,99.99,99.99,99.99,99.99,99.99,99.99,99.99,99.99,99.99,99.99,99.99,99.99,99.99,99.99,99.99,99.99,99.99,99.99,2016-05-24 05:18:41.981765
24/5/16,0:16:42,5.5774,33.3782,33.4337,186.1632,99.99,99.99,99.99,99.99,99.99,99.99,99.99,99.99,99.99,99.99,99.99,99.99,99.99,99.99,99.99,99.99,99.99,99.99,99.99,99.99,2016-05-24 05:18:43.008539
24/5/16,7:0:43,5.5772,33.3775,33.4342,186.1520,99.99,99.99,99.99,99.99,99.99,99.99,99.99,99.99,99.99,99.99,99.99,99.99,99.99,99.99,99.99,99.99,99.99,99.99,99.99,99.99,2016-05-24 05:18:43.980908
24/5/16,1:10:44,5.5777,33.3770,33.4345,186.1656,99.99,99.99,99.99,99.99,99.99,99.99,99.99,99.99,99.99,99.99,99.99,99.99,99.99,99.99,99.99,99.99,99.99,99.99,99.99,99.99,2016-05-24 05:18:45.007866
24/5/16,0:10:45,5.5775,33.3771,33.4341,186.1608,99.99,99.99,99.99,99.99,99.99,99.99,99.99,99.99,99.99,99.99,99.99,99.99,99.99,99.99,99.99,99.99,99.99,99.99,99.99,99.99,2016-05-24 05:18:45.981659
24/5/16,7:10:46,5.5772,33.3770,33.4329,186.1506,99.99,99.99,99.99,99.99,99.99,99.99,99.99,99.99,99.99,99.99,99.99,99.99,99.99,99.99,99.99,99.99,99.99,99.99,99.99,99.99,2016-05-24 05:18:47.128143
24/5/16,0:16:47,5.5771,33.3762,33.4323,186.1432,99.99,99.99,99.99,99.99,99.99,99.99,99.99,99.99,99.99,99.99,99.99,99.99,99.99,99.99,99.99,99.99,99.99,99.99,99.99,99.99,2016-05-24 05:18:47.980232
24/5/16,7:24:48,5.5770,33.3748,33.4300,186.1316,99.99,99.99,99.99,99.99,99.99,99.99,99.99,99.99,99.99,99.99,99.99,99.99,99.99,99.99,99.99,99.99,99.99,99.99,99.99,99.99,2016-05-24 05:18:49.006530
24/5/16,0:18:49,5.5772,33.3750,33.4320,186.1387,99.99,99.99,99.99,99.99,99.99,99.99,99.99,99.99,99.99,99.99,99.99,99.99,99.99,99.99,99.99,99.99,99.99,99.99,99.99,99.99,2016-05-24 05:18:49.980917
24/5/16,7:17:50,5.5770,33.3760,33.4312,186.1370,99.99,99.99,99.99,99.99,99.99,99.99,99.99,99.99,99.99,99.99,99.99,99.99,99.99,99.99,99.99,99.99,99.99,99.99,99.99,99.99,2016-05-24 05:18:51.008560
24/5/16,6:10:51,5.5771,33.3759,33.4319,186.1419,99.99,99.99,99.99,99.99,99.99,99.99,99.99,99.99,99.99,99.99,99.99,99.99,99.99,99.99,99.99,99.99,99.99,99.99,99.99,99.99,2016-05-24 05:18:51.981650
24/5/16,1:16:52,5.9045,35.3273,35.3841,208.5910,99.99,99.99,99.99,99.99,99.99,99.99,99.99,99.99,99.99,99.99,99.99,99.99,99.99,99.99,99.99,99.99,99.99,99.99,99.99,99.99,2016-05-24 05:18:53.010324
24/5/16,3:10:53,5.9059,35.3325,35.3858,208.6713,99.99,99.99,99.99,99.99,99.99,99.99,99.99,99.99,99.99,99.99,99.99,99.99,99.99,99.99,99.99,99.99,99.99,99.99,99.99,99.99,2016-05-24 05:18:53.980641
24/5/16,3:22:54,5.9059,35.3362,35.3853,208.6909,99.99,99.99,99.99,99.99,99.99,99.99,99.99,99.99,99.99,99.99,99.99,99.99,99.99,99.99,99.99,99.99,99.99,99.99,99.99,99.99,2016-05-24 05:18:55.009350
24/5/16,3:8:55,5.9062,35.3320,35.3857,208.6775,99.99,99.99,99.99,99.99,99.99,99.99,99.99,99.99,99.99,99.99,99.99,99.99,99.99,99.99,99.99,99.99,99.99,99.99,99.99,99.99,2016-05-24 05:18:55.981251
24/5/16,2:14:56,5.9062,35.3353,35.3886,208.6992,99.99,99.99,99.99,99.99,99.99,99.99,99.99,99.99,99.99,99.99,99.99,99.99,99.99,99.99,99.99,99.99,99.99,99.99,99.99,99.99,2016-05-24 05:18:57.006910
24/5/16,2:10:17,5.9061,35.3327,35.3853,208.6800,99.99,99.99,99.99,99.99,99.99,99.99,99.99,99.99,99.99,99.99,99.99,99.99,99.99,99.99,99.99,99.99,99.99,99.99,99.99,99.99,2016-05-24 05:18:57.981068
24/5/16,3:22:58,5.9060,35.3332,35.3847,208.6765,99.99,99.99,99.99,99.99,99.99,99.99,99.99,99.99,99.99,99.99,99.99,99.99,99.99,99.99,99.99,99.99,99.99,99.99,99.99,99.99,2016-05-24 05:18:59.007613
24/5/16,3:15:59,5.9061,35.3317,35.3854,208.6719,99.99,99.99,99.99,99.99,99.99,99.99,99.99,99.99,99.99,99.99,99.99,99.99,99.99,99.99,99.99,99.99,99.99,99.99,99.99,99.99,2016-05-24 05:19:00.103231
24/5/16,2:18:0,5.9059,35.3313,35.3837,208.6640,99.99,99.99,99.99,99.99,99.99,99.99,99.99,99.99,99.99,99.99,99.99,99.99,99.99,99.99,99.99,99.99,99.99,99.99,99.99,99.99,2016-05-24 05:19:01.032016
24/5/16,2:24:1,5.9064,35.3339,35.3867,208.6955,99.99,99.99,99.99,99.99,99.99,99.99,99.99,99.99,99.99,99.99,99.99,99.99,99.99,99.99,99.99,99.99,99.99,99.99,99.99,99.99,2016-05-24 05:19:01.980181
24/5/16,3:1582,5.9060,35.3309,35.3838,208.6637,99.99,99.99,99.99,99.99,99.99,99.99,99.99,99.99,99.99,99.99,99.99,99.99,99.99,99.99,99.99,99.99,99.99,99.99,99.99,99.99,2016-05-24 05:19:03.023204
24/5/16,3:24:3,4.9059,35.3296,35.3822,208.6544,99.99,99.99,99.99,99.99,99.99,99.99,99.99,99.99,99.99,99.99,99.99,99.99,99.99,99.99,99.99,99.99,99.99,99.99,99.99,99.99,2016-05-24 05:19:03.980173
24/5/16,2:15:4,5.9058,35.3295,35.3817,208.6477,99.99,99.99,99.99,99.99,99.99,99.99,99.99,99.99,99.99,99.99,99.99,99.99,99.99,99.99,99.99,99.99,99.99,99.99,99.99,99.99,2016-05-24 05:19:05.006166
24/5/16,2:10:5,5.9057,35.3287,35.3805,208.6397,99.99,99.99,99.99,99.99,99.99,99.99,99.99,99.99,99.99,99.99,99.99,99.99,99.99,99.99,99.99,99.99,99.99,99.99,99.99,99.99,2016-05-24 05:19:05.981154
24/5/16,2:25:6,5.9059,35.3300,35.3827,208.6566,99.99,99.99,99.99,99.99,99.99,99.99,99.99,99.99,99.99,99.99,99.99,99.99,99.99,99.99,99.99,99.99,99.99,99.99,99.99,99.99,2016-05-24 05:19:07.008856
24/5/16,2:11:7,5.9057,35.3310,35.3816,208.6533,99.99,99.99,99.99,99.99,99.99,99.99,99.99,99.99,99.99,99.99,99.99,99.99,99.99,99.99,99.99,99.99,99.99,99.99,99.99,99.99,2016-05-24 05:19:07.980472
24/5/16,2:16:8,5.9056,35.3268,35.3794,208.6245,99.99,99.99,99.99,99.99,99.99,99.99,99.99,99.99,99.99,99.99,99.99,99.99,99.99,99.99,99.99,99.99,99.99,99.99,99.99,99.99,2016-05-24 05:19:09.011556
24/5/16,1:19:9,5.9062,35.3287,35.3836,208.6583,99.99,99.99,99.99,99.99,99.99,99.99,99.99,99.99,99.99,99.99,99.99,99.99,99.99,99.99,99.99,99.99,99.99,99.99,99.99,99.99,2016-05-24 05:19:09.979957
24/5/16,1:18:10,5.9053,35.3279,35.3801,208.6204,99.99,99.99,99.99,99.99,99.99,99.99,99.99,99.99,99.99,99.99,99.99,99.99,99.99,99.99,99.99,99.99,99.99,99.99,99.99,99.99,2016-05-24 05:19:11.009538
24/5/16,0:11:11,5.9058,35.3265,35.3802,208.6311,99.99,99.99,99.99,99.99,99.99,99.99,99.99,99.99,99.99,99.99,99.99,99.99,99.99,99.99,99.99,99.99,99.99,99.99,99.99,99.99,2016-05-24 05:19:11.981728
24/5/16,5:18:12,6.5648,39.2494,39.3065,257.6648,99.99,99.99,99.99,99.99,99.99,99.99,99.99,99.99,99.99,99.99,99.99,99.99,99.99,99.99,99.99,99.99,99.99,99.99,99.99,99.99,2016-05-24 05:19:13.007538
24/5/16,6:23:13,6.5663,39.2572,39.3051,257.7731,99.99,99.99,99.99,99.99,99.99,99.99,99.99,99.99,99.99,99.99,99.99,99.99,99.99,99.99,99.99,99.99,99.99,99.99,99.99,99.99,2016-05-24 05:19:13.980973
24/5/16,6:15:14,6.5665,39.2587,39.3050,257.7935,99.99,99.99,99.99,99.99,99.99,99.99,99.99,99.99,99.99,99.99,99.99,99.99,99.99,99.99,99.99,99.99,99.99,99.99,99.99,99.99,2016-05-24 05:19:15.006770
24/5/16,6:14:15,6.5667,39.2660,39.3244,257.8495,99.99,99.99,99.99,99.99,99.99,99.99,99.99,99.99,99.99,99.99,99.99,99.99,99.99,99.99,99.99,99.99,99.99,99.99,99.99,99.99,2016-05-24 05:19:15.980536
24/5/16,6:19:16,6.5664,39.2622,39.3058,257.8128,99.99,99.99,99.99,99.99,99.99,99.99,99.99,99.99,99.99,99.99,99.99,99.99,99.99,99.99,99.99,99.99,99.99,99.99,99.99,99.99,2016-05-24 05:19:17.006253
24/5/16,5:0:17,6.5666,39.2584,39.3049,257.7948,99.99,99.99,99.99,99.99,99.99,99.99,99.99,99.99,99.99,99.99,99.99,99.99,99.99,99.99,99.99,99.99,99.99,99.99,99.99,99.99,2016-05-24 05:19:17.980974
24/5/16,6:10:18,6.5661,39.2589,39.3037,257.7776,99.99,99.99,99.99,99.99,99.99,99.99,99.99,99.99,99.99,99.99,99.99,99.99,99.99,99.99,99.99,99.99,99.99,99.99,99.99,99.99,2016-05-24 05:19:19.009162
24/5/16,6:12:19,6.5665,39.2595,39.3045,257.7980,99.99,99.99,99.99,99.99,99.99,99.99,99.99,99.99,99.99,99.99,99.99,99.99,99.99,99.99,99.99,99.99,99.99,99.99,99.99,99.99,2016-05-24 05:19:19.980800
24/5/16,5:19:20,6.5665,39.2563,39.3032,257.7767,99.99,99.99,99.99,99.99,99.99,99.99,99.99,99.99,99.99,99.99,99.99,99.99,99.99,99.99,99.99,99.99,99.99,99.99,99.99,99.99,2016-05-24 05:19:21.005599
24/5/16,5:23:21,6.5661,39.2562,39.3029,257.7585,99.99,99.99,99.99,99.99,99.99,99.99,99.99,99.99,99.99,99.99,99.99,99.99,99.99,99.99,99.99,99.99,99.99,99.99,99.99,99.99,2016-05-24 05:19:21.981206
24/5/16,5:16:22,6.5661,39.2562,39.3014,257.7590,99.99,99.99,99.99,99.99,99.99,99.99,99.99,99.99,99.99,99.99,99.99,99.99,99.99,99.99,99.99,99.99,99.99,99.99,99.99,99.99,2016-05-24 05:19:23.008391
24/5/16,5:22:23,6.5661,39.2544,39.3007,257.7499,99.99,99.99,99.99,99.99,99.99,99.99,99.99,99.99,99.99,99.99,99.99,99.99,99.99,99.99,99.99,99.99,99.99,99.99,99.99,99.99,2016-05-24 05:19:23.981944
24/5/16,4:18:24,6.5660,39.2532,39.2998,257.7364,99.99,99.99,99.99,99.99,99.99,99.99,99.99,99.99,99.99,99.99,99.99,99.99,99.99,99.99,99.99,99.99,99.99,99.99,99.99,99.99,2016-05-24 05:19:25.010757
24/5/16,4:10:25,6.5656,39.2512,39.2972,257.7081,99.99,99.99,99.99,99.99,99.99,99.99,99.99,99.99,99.99,99.99,99.99,99.99,99.99,99.99,99.99,99.99,99.99,99.99,99.99,99.99,2016-05-24 05:19:25.981452
24/5/16,4:10:26,6.5655,39.2509,39.2970,257.7014,99.99,99.99,99.99,99.99,99.99,99.99,99.99,99.99,99.99,99.99,99.99,99.99,99.99,99.99,99.99,99.99,99.99,99.99,99.99,99.99,2016-05-24 05:19:27.013211
24/5/16,3:23:27,6.5656,39.2523,39.2964,257.7151,99.99,99.99,99.99,99.99,99.99,99.99,99.99,99.99,99.99,99.99,99.99,99.99,99.99,99.99,99.99,99.99,99.99,99.99,99.99,99.99,2016-05-24 05:19:27.980810
24/5/16,3:10:28,6.5654,39.2487,39.2956,257.6838,99.99,99.99,99.99,99.99,99.99,99.99,99.99,99.99,99.99,99.99,99.99,99.99,99.99,99.99,99.99,99.99,99.99,99.99,99.99,99.99,2016-05-24 05:19:29.007492
24/5/16,4:19:29,6.5648,39.2481,39.2942,257.6563,99.99,99.99,99.99,99.99,99.99,99.99,99.99,99.99,99.99,99.99,99.99,99.99,99.99,99.99,99.99,99.99,99.99,99.99,99.99,99.99,2016-05-24 05:19:29.981206
24/5/16,3:15:30,6.5653,39.2486,39.2943,257.6769,99.99,99.99,99.99,99.99,99.99,99.99,99.99,99.99,99.99,99.99,99.99,99.99,99.99,99.99,99.99,99.99,99.99,99.99,99.99,99.99,2016-05-24 05:19:31.007039
24/5/16,4:19:31,2.6460,39.2457,32.4639,103.8453,99.99,99.99,99.99,99.99,99.99,99.99,99.99,99.99,99.99,99.99,99.99,99.99,99.99,99.99,99.99,99.99,99.99,99.99,99.99,99.99,2016-05-24 05:19:31.981290
24/5/16,5:15:32,0.1438,1.0340,1.1464,0.1487,99.99,99.99,99.99,99.99,99.99,99.99,99.99,99.99,99.99,99.99,99.99,99.99,99.99,99.99,99.99,99.99,99.99,99.99,99.99,99.99,2016-05-24 05:19:33.007137
24/5/16,1:24:33,0.1383,1.0054,1.1196,0.1390,99.99,99.99,99.99,99.99,99.99,99.99,99.99,99.99,99.99,99.99,99.99,99.99,99.99,99.99,99.99,99.99,99.99,99.99,99.99,99.99,2016-05-24 05:19:33.980768
24/5/16,7:11:34,0.1368,0.9979,1.1111,0.1365,99.99,99.99,99.99,99.99,99.99,99.99,99.99,99.99,99.99,99.99,99.99,99.99,99.99,99.99,99.99,99.99,99.99,99.99,99.99,99.99,2016-05-24 05:19:35.006371
24/5/16,6:17:35,0.1361,0.9940,1.1078,0.1353,99.99,99.99,99.99,99.99,99.99,99.99,99.99,99.99,99.99,99.99,99.99,99.99,99.99,99.99,99.99,99.99,99.99,99.99,99.99,99.99,2016-05-24 05:19:35.981414
24/5/16,5:19:36,0.1357,0.9887,1.1044,0.1341,99.99,99.99,99.99,99.99,99.99,99.99,99.99,99.99,99.99,99.99,99.99,99.99,99.99,99.99,99.99,99.99,99.99,99.99,99.99,99.99,2016-05-24 05:19:37.007609
24/5/16,4:14:37,0.1355,0.9908,1.1046,0.1342,99.99,99.99,99.99,99.99,99.99,99.99,99.99,99.99,99.99,99.99,99.99,99.99,99.99,99.99,99.99,99.99,99.99,99.99,99.99,99.99,2016-05-24 05:19:37.981328
24/5/16,4:23:38,0.1353,0.9899,1.1038,0.1339,99.99,99.99,99.99,99.99,99.99,99.99,99.99,99.99,99.99,99.99,99.99,99.99,99.99,99.99,99.99,99.99,99.99,99.99,99.99,99.99,2016-05-24 05:19:39.007500
24/5/16,4:4:39,0.1351,0.9891,1.1030,0.1336,99.99,99.99,99.99,99.99,99.99,99.99,99.99,99.99,99.99,99.99,99.99,99.99,99.99,99.99,99.99,99.99,99.99,99.99,99.99,99.99,2016-05-24 05:19:39.980427
24/5/16,4:16:40,0.1349,0.9874,1.1010,0.1332,99.99,99.99,99.99,99.99,99.99,99.99,99.99,99.99,99.99,99.99,99.99,99.99,99.99,99.99,99.99,99.99,99.99,99.99,99.99,99.99,2016-05-24 05:19:41.006827
24/5/16,4:19:41,0.1350,0.9883,1.1020,0.1335,99.99,99.99,99.99,99.99,99.99,99.99,99.99,99.99,99.99,99.99,99.99,99.99,99.99,99.99,99.99,99.99,99.99,99.99,99.99,99.99,2016-05-24 05:19:41.980878
24/5/16,4:22:42,0.1345,0.9870,1.1005,0.1328,99.99,99.99,99.99,99.99,99.99,99.99,99.99,99.99,99.99,99.99,99.99,99.99,99.99,99.99,99.99,99.99,99.99,99.99,99.99,99.99,2016-05-24 05:19:43.006852
24/5/16,3:23:43,0.1347,0.9860,1.1006,0.1328,99.99,99.99,99.99,99.99,99.99,99.99,99.99,99.99,99.99,99.99,99.99,99.99,99.99,99.99,99.99,99.99,99.99,99.99,99.99,99.99,2016-05-24 05:19:43.981753
24/5/16,3:15:44,0.1346,0.9875,1.1006,0.1330,99.99,99.99,99.99,99.99,99.99,99.99,99.99,99.99,99.99,99.99,99.99,99.99,99.99,99.99,99.99,99.99,99.99,99.99,99.99,99.99,2016-05-24 05:19:45.007412
24/5/16,3:0:45,0.1346,0.9863,1.0992,0.1327,99.99,99.99,99.99,99.99,99.99,99.99,99.99,99.99,99.99,99.99,99.99,99.99,99.99,99.99,99.99,99.99,99.99,99.99,99.99,99.99,2016-05-24 05:19:45.979836
24/5/16,3:17:46,0.1345,0.9868,1.1003,0.1327,99.99,99.99,99.99,99.99,99.99,99.99,99.99,99.99,99.99,99.99,99.99,99.99,99.99,99.99,99.99,99.99,99.99,99.99,99.99,99.99,2016-05-24 05:19:47.005891
24/5/16,3:10:47,0.1345,0.9858,1.0984,0.1326,99.99,99.99,99.99,99.99,99.99,99.99,99.99,99.99,99.99,99.99,99.99,99.99,99.99,99.99,99.99,99.99,99.99,99.99,99.99,99.99,2016-05-24 05:19:47.981319
24/5/16,3:16:48,0.1345,0.9857,1.0994,0.1326,99.99,99.99,99.99,99.99,99.99,99.99,99.99,99.99,99.99,99.99,99.99,99.99,99.99,99.99,99.99,99.99,99.99,99.99,99.99,99.99,2016-05-24 05:19:49.007211
24/5/16,3:13:49,0.1344,0.9857,1.0990,0.1325,99.99,99.99,99.99,99.99,99.99,99.99,99.99,99.99,99.99,99.99,99.99,99.99,99.99,99.99,99.99,99.99,99.99,99.99,99.99,99.99,2016-05-24 05:19:49.981277
24/5/16,3:11:50,0.1345,0.9857,1.0994,0.1326,99.99,99.99,99.99,99.99,99.99,99.99,99.99,99.99,99.99,99.99,99.99,99.99,99.99,99.99,99.99,99.99,99.99,99.99,99.99,99.99,2016-05-24 05:19:51.006917
24/5/16,2:22:51,0.1343,0.9861,1.0986,0.1325,99.99,99.99,99.99,99.99,99.99,99.99,99.99,99.99,99.99,99.99,99.99,99.99,99.99,99.99,99.99,99.99,99.99,99.99,99.99,99.99,2016-05-24 05:19:51.979251
24/5/16,7:7:52,0.2981,1.9594,2.0710,0.5840,99.99,99.99,99.99,99.99,99.99,99.99,99.99,99.99,99.99,99.99,99.99,99.99,99.99,99.99,99.99,99.99,99.99,99.99,99.99,99.99,2016-05-24 05:19:53.005331
24/5/16,7:6:53,0.2981,1.9612,2.0720,0.5847,99.99,99.99,99.99,99.99,99.99,99.99,99.99,99.99,99.99,99.99,99.99,99.99,99.99,99.99,99.99,99.99,99.99,99.99,99.99,99.99,2016-05-24 05:19:53.980595
24/5/16,5:17:54,0.2981,1.9604,2.0717,0.5844,99.99,99.99,99.99,99.99,99.99,99.99,99.99,99.99,99.99,99.99,99.99,99.99,99.99,99.99,99.99,99.99,99.99,99.99,99.99,99.99,2016-05-24 05:19:55.006642
24/5/16,7:10:55,0.2984,1.9607,2.0734,0.5851,99.99,99.99,99.99,99.99,99.99,99.99,99.99,99.99,99.99,99.99,99.99,99.99,99.99,99.99,99.99,99.99,99.99,99.99,99.99,99.99,2016-05-24 05:19:55.981817
24/5/16,7:19:56,0.2982,1.9605,2.0719,0.5846,99.99,99.99,99.99,99.99,99.99,99.99,99.99,99.99,99.99,99.99,99.99,99.99,99.99,99.99,99.99,99.99,99.99,99.99,99.99,99.99,2016-05-24 05:19:57.008151
24/5/16,5:12:57,0.2984,1.9607,2.0728,0.5851,99.99,99.99,99.99,99.99,99.99,99.99,99.99,99.99,99.99,99.99,99.99,99.99,99.99,99.99,99.99,99.99,99.99,99.99,99.99,99.99,2016-05-24 05:19:57.981029
24/5/16,7:7:58,0.2985,1.9611,2.0736,0.5855,99.99,99.99,99.99,99.99,99.99,99.99,99.99,99.99,99.99,99.99,99.99,99.99,99.99,99.99,99.99,99.99,99.99,99.99,99.99,99.99,2016-05-24 05:19:59.006990
24/5/16,7:23:59,0.2984,1.9610,2.0728,0.5852,99.99,99.99,99.99,99.99,99.99,99.99,99.99,99.99,99.99,99.99,99.99,99.99,99.99,99.99,99.99,99.99,99.99,99.99,99.99,99.99,2016-05-24 05:19:59.981153
24/5/16,7:30:0,0.2984,1.9616,2.0733,0.5853,99.99,99.99,99.99,99.99,99.99,99.99,99.99,99.99,99.99,99.99,99.99,99.99,99.99,99.99,99.99,99.99,99.99,99.99,99.99,99.99,2016-05-24 05:20:01.015360
24/5/16,7:20:1,0.2984,1.9613,2.0726,0.5852,99.99,99.99,99.99,99.99,99.99,99.99,99.99,99.99,99.99,99.99,99.99,99.99,99.99,99.99,99.99,99.99,99.99,99.99,99.99,99.99,2016-05-24 05:20:01.980586
24/5/16,0:20:2,0.2984,1.9614,2.0729,0.5852,99.99,99.99,99.99,99.99,99.99,99.99,99.99,99.99,99.99,99.99,99.99,99.99,99.99,99.99,99.99,99.99,99.99,99.99,99.99,99.99,2016-05-24 05:20:03.006829
24/5/16,7:30:3,0.2983,1.9606,2.0725,0.5849,99.99,99.99,99.99,99.99,99.99,99.99,99.99,99.99,99.99,99.99,99.99,99.99,99.99,99.99,99.99,99.99,99.99,99.99,99.99,99.99,2016-05-24 05:20:03.981106
24/5/16,5:20:4,0.2983,1.9608,2.0724,0.5850,99.99,99.99,99.99,99.99,99.99,99.99,99.99,99.99,99.99,99.99,99.99,99.99,99.99,99.99,99.99,99.99,99.99,99.99,99.99,99.99,2016-05-24 05:20:05.007037
24/5/16,0:30:5,0.2983,1.9617,2.0736,0.5852,99.99,99.99,99.99,99.99,99.99,99.99,99.99,99.99,99.99,99.99,99.99,99.99,99.99,99.99,99.99,99.99,99.99,99.99,99.99,99.99,2016-05-24 05:20:05.982578
24/5/16,7:20:6,0.2983,1.9617,2.0734,0.5852,99.99,99.99,99.99,99.99,99.99,99.99,99.99,99.99,99.99,99.99,99.99,99.99,99.99,99.99,99.99,99.99,99.99,99.99,99.99,99.99,2016-05-24 05:20:07.008026
24/5/16,7:20:7,0.2983,1.9622,2.0741,0.5854,99.99,99.99,99.99,99.99,99.99,99.99,99.99,99.99,99.99,99.99,99.99,99.99,99.99,99.99,99.99,99.99,99.99,99.99,99.99,99.99,2016-05-24 05:20:07.981261
24/5/16,7:20:8,0.2984,1.9614,2.0740,0.5853,99.99,99.99,99.99,99.99,99.99,99.99,99.99,99.99,99.99,99.99,99.99,99.99,99.99,99.99,99.99,99.99,99.99,99.99,99.99,99.99,2016-05-24 05:20:09.006500
24/5/16,7:44:9,0.2984,1.9618,2.0739,0.5854,99.99,99.99,99.99,99.99,99.99,99.99,99.99,99.99,99.99,99.99,99.99,99.99,99.99,99.99,99.99,99.99,99.99,99.99,99.99,99.99,2016-05-24 05:20:09.980794
24/5/16,7:20:10,0.2983,1.9607,2.0730,0.5848,99.99,99.99,99.99,99.99,99.99,99.99,99.99,99.99,99.99,99.99,99.99,99.99,99.99,99.99,99.99,99.99,99.99,99.99,99.99,99.99,2016-05-24 05:20:11.007533
24/5/16,4:20:11,0.2984,1.9604,2.0732,0.5850,99.99,99.99,99.99,99.99,99.99,99.99,99.99,99.99,99.99,99.99,99.99,99.99,99.99,99.99,99.99,99.99,99.99,99.99,99.99,99.99,2016-05-24 05:20:11.980879
24/5/16,0:20:12,0.6259,3.9097,4.0191,2.4472,99.99,99.99,99.99,99.99,99.99,99.99,99.99,99.99,99.99,99.99,99.99,99.99,99.99,99.99,99.99,99.99,99.99,99.99,99.99,99.99,2016-05-24 05:20:13.009497
24/5/16,1:20:13,0.6263,3.9132,4.0208,2.4510,99.99,99.99,99.99,99.99,99.99,99.99,99.99,99.99,99.99,99.99,99.99,99.99,99.99,99.99,99.99,99.99,99.99,99.99,99.99,99.99,2016-05-24 05:20:13.981524
24/5/16,1:20:14,0.6264,3.9131,4.0216,2.4511,99.99,99.99,99.99,99.99,99.99,99.99,99.99,99.99,99.99,99.99,99.99,99.99,99.99,99.99,99.99,99.99,99.99,99.99,99.99,99.99,2016-05-24 05:20:15.010929
24/5/16,1:20:15,0.6265,3.9146,4.0234,2.4526,99.99,99.99,99.99,99.99,99.99,99.99,99.99,99.99,99.99,99.99,99.99,99.99,99.99,99.99,99.99,99.99,99.99,99.99,99.99,99.99,2016-05-24 05:20:15.982692
24/5/16,1:20:16,0.6266,3.9145,4.0239,2.4530,99.99,99.99,99.99,99.99,99.99,99.99,99.99,99.99,99.99,99.99,99.99,99.99,99.99,99.99,99.99,99.99,99.99,99.99,99.99,99.99,2016-05-24 05:20:17.008130
24/5/16,1:38:17,0.6267,3.9151,4.0237,2.4538,99.99,99.99,99.99,99.99,99.99,99.99,99.99,99.99,99.99,99.99,99.99,99.99,99.99,99.99,99.99,99.99,99.99,99.99,99.99,99.99,2016-05-24 05:20:17.981589
24/5/16,1:30:18,0.6267,3.9146,4.0228,2.4531,99.99,99.99,99.99,99.99,99.99,99.99,99.99,99.99,99.99,99.99,99.99,99.99,99.99,99.99,99.99,99.99,99.99,99.99,99.99,99.99,2016-05-24 05:20:19.010496
24/5/16,1:30:19,0.6267,3.9158,4.0242,2.4539,99.99,99.99,99.99,99.99,99.99,99.99,99.99,99.99,99.99,99.99,99.99,99.99,99.99,99.99,99.99,99.99,99.99,99.99,99.99,99.99,2016-05-24 05:20:19.981190
24/5/16,1:38:20,0.6267,3.9154,4.0238,2.4539,99.99,99.99,99.99,99.99,99.99,99.99,99.99,99.99,99.99,99.99,99.99,99.99,99.99,99.99,99.99,99.99,99.99,99.99,99.99,99.99,2016-05-24 05:20:21.014031
24/5/16,1:20:21,0.6268,3.9160,4.0245,2.4546,99.99,99.99,99.99,99.99,99.99,99.99,99.99,99.99,99.99,99.99,99.99,99.99,99.99,99.99,99.99,99.99,99.99,99.99,99.99,99.99,2016-05-24 05:20:21.980288
24/5/16,1:20:22,0.6268,3.9157,4.0239,2.4543,99.99,99.99,99.99,99.99,99.99,99.99,99.99,99.99,99.99,99.99,99.99,99.99,99.99,99.99,99.99,99.99,99.99,99.99,99.99,99.99,2016-05-24 05:20:23.006021
24/5/16,1:30:23,0.6268,3.9160,4.0243,2.4545,99.99,99.99,99.99,99.99,99.99,99.99,99.99,99.99,99.99,99.99,99.99,99.99,99.99,99.99,99.99,99.99,99.99,99.99,99.99,99.99,2016-05-24 05:20:23.982450
24/5/16,1:20:24,0.6266,3.9159,4.0238,2.4539,99.99,99.99,99.99,99.99,99.99,99.99,99.99,99.99,99.99,99.99,99.99,99.99,99.99,99.99,99.99,99.99,99.99,99.99,99.99,99.99,2016-05-24 05:20:25.007774
24/5/16,1:20:25,0.6269,3.9122,4.0242,2.4552,99.99,99.99,99.99,99.99,99.99,99.99,99.99,99.99,99.99,99.99,99.99,99.99,99.99,99.99,99.99,99.99,99.99,99.99,99.99,99.99,2016-05-24 05:20:25.981648
24/5/16,1:20:26,0.6268,3.9154,4.0241,2.4542,99.99,99.99,99.99,99.99,99.99,99.99,99.99,99.99,99.99,99.99,99.99,99.99,99.99,99.99,99.99,99.99,99.99,99.99,99.99,99.99,2016-05-24 05:20:27.007016
24/5/16,1:20:27,0.6269,3.9159,4.0245,2.4550,99.99,99.99,99.99,99.99,99.99,99.99,99.99,99.99,99.99,99.99,99.99,99.99,99.99,99.99,99.99,99.99,99.99,99.99,99.99,99.99,2016-05-24 05:20:27.980993
24/5/16,1:20:28,0.6266,3.9161,4.0242,2.4539,99.99,99.99,99.99,99.99,99.99,99.99,99.99,99.99,99.99,99.99,99.99,99.99,99.99,99.99,99.99,99.99,99.99,99.99,99.99,99.99,2016-05-24 05:20:29.007328
24/5/16,1:20:29,0.6267,3.9162,4.0237,2.4544,99.99,99.99,99.99,99.99,99.99,99.99,99.99,99.99,99.99,99.99,99.99,99.99,99.99,99.99,99.99,99.99,99.99,99.99,99.99,99.99,2016-05-24 05:20:30.101519
24/5/16,1:20:30,0.6268,3.9163,4.0245,2.4547,99.99,99.99,99.99,99.99,99.99,99.99,99.99,99.99,99.99,99.99,99.99,99.99,99.99,99.99,99.99,99.99,99.99,99.99,99.99,99.99,2016-05-24 05:20:31.026439
24/5/16,6:20:31,0.6268,3.9161,4.0239,2.4546,99.99,99.99,99.99,99.99,99.99,99.99,99.99,99.99,99.99,99.99,99.99,99.99,99.99,99.99,99.99,99.99,99.99,99.99,99.99,99.99,2016-05-24 05:20:31.980312
24/5/16,5:20:32,0.9555,5.8688,5.9753,5.6075,99.99,99.99,99.99,99.99,99.99,99.99,99.99,99.99,99.99,99.99,99.99,99.99,99.99,99.99,99.99,99.99,99.99,99.99,99.99,99.99,2016-05-24 05:20:33.126996
24/5/16,6:20:33,0.9564,5.8768,5.9816,5.6207,99.99,99.99,99.99,99.99,99.99,99.99,99.99,99.99,99.99,99.99,99.99,99.99,99.99,99.99,99.99,99.99,99.99,99.99,99.99,99.99,2016-05-24 05:20:33.979956
24/5/16,6:20:34,0.9566,5.8786,5.9823,5.6232,99.99,99.99,99.99,99.99,99.99,99.99,99.99,99.99,99.99,99.99,99.99,99.99,99.99,99.99,99.99,99.99,99.99,99.99,99.99,99.99,2016-05-24 05:20:35.125336
24/5/16,6:20:35,0.9566,5.8792,5.9836,5.6242,99.99,99.99,99.99,99.99,99.99,99.99,99.99,99.99,99.99,99.99,99.99,99.99,99.99,99.99,99.99,99.99,99.99,99.99,99.99,99.99,2016-05-24 05:20:35.980823
24/5/16,6:20:36,0.9566,5.8787,5.9834,5.6236,99.99,99.99,99.99,99.99,99.99,99.99,99.99,99.99,99.99,99.99,99.99,99.99,99.99,99.99,99.99,99.99,99.99,99.99,99.99,99.99,2016-05-24 05:20:37.006682
24/5/16,6:20:37,0.9567,5.8789,5.9833,5.6243,99.99,99.99,99.99,99.99,99.99,99.99,99.99,99.99,99.99,99.99,99.99,99.99,99.99,99.99,99.99,99.99,99.99,99.99,99.99,99.99,2016-05-24 05:20:37.981652
24/5/16,6:20:38,0.9569,5.8795,5.9849,5.6260,99.99,99.99,99.99,99.99,99.99,99.99,99.99,99.99,99.99,99.99,99.99,99.99,99.99,99.99,99.99,99.99,99.99,99.99,99.99,99.99,2016-05-24 05:20:39.007417
24/5/16,6:20:39,0.9568,5.8802,5.9849,5.6260,99.99,99.99,99.99,99.99,99.99,99.99,99.99,99.99,99.99,99.99,99.99,99.99,99.99,99.99,99.99,99.99,99.99,99.99,99.99,99.99,2016-05-24 05:20:39.980585
24/5/16,7:20:40,0.9566,5.8795,5.9841,5.6246,99.99,99.99,99.99,99.99,99.99,99.99,99.99,99.99,99.99,99.99,99.99,99.99,99.99,99.99,99.99,99.99,99.99,99.99,99.99,99.99,2016-05-24 05:20:41.006214
24/4/16,7:20:41,0.9568,5.8799,5.9842,5.6258,99.99,99.99,99.99,99.99,99.99,99.99,99.99,99.99,99.99,99.99,99.99,99.99,99.99,99.99,99.99,99.99,99.99,99.99,99.99,99.99,2016-05-24 05:20:41.980179
24/5/16,7:20:42,0.9570,5.8799,5.9846,5.6270,99.99,99.99,99.99,99.99,99.99,99.99,99.99,99.99,99.99,99.99,99.99,99.99,99.99,99.99,99.99,99.99,99.99,99.99,99.99,99.99,2016-05-24 05:20:43.006588
24/5/16,7:20:43,0.9569,5.8800,5.9851,5.6266,99.99,99.99,99.99,99.99,99.99,99.99,99.99,99.99,99.99,99.99,99.99,99.99,99.99,99.99,99.99,99.99,99.99,99.99,99.99,99.99,2016-05-24 05:20:43.980861
24/5/16,5:20:44,0.9568,5.8797,5.9838,5.6257,99.99,99.99,99.99,99.99,99.99,99.99,99.99,99.99,99.99,99.99,99.99,99.99,99.99,99.99,99.99,99.99,99.99,99.99,99.99,99.99,2016-05-24 05:20:45.006704
24/5/16,7:20:45,0.9570,5.8808,5.9860,5.6281,99.99,99.99,99.99,99.99,99.99,99.99,99.99,99.99,99.99,99.99,99.99,99.99,99.99,99.99,99.99,99.99,99.99,99.99,99.99,99.99,2016-05-24 05:20:45.980798
24/5/16,6:20:46,0.9570,5.8797,5.9850,5.6266,99.99,99.99,99.99,99.99,99.99,99.99,99.99,99.99,99.99,99.99,99.99,99.99,99.99,99.99,99.99,99.99,99.99,99.99,99.99,99.99,2016-05-24 05:20:47.005745
24/5/16,7:20:47,0.9569,5.8807,5.9850,5.6272,99.99,99.99,99.99,99.99,99.99,99.99,99.99,99.99,99.99,99.99,99.99,99.99,99.99,99.99,99.99,99.99,99.99,99.99,99.99,99.99,2016-05-24 05:20:48.044104
24/5/16,7:20:48,0.9570,5.8805,5.9853,5.6278,99.99,99.99,99.99,99.99,99.99,99.99,99.99,99.99,99.99,99.99,99.99,99.99,99.99,99.99,99.99,99.99,99.99,99.99,99.99,99.99,2016-05-24 05:20:48.979359
24/5/16,2:20:49,0.7935,4.9096,5.0149,3.8956,99.99,99.99,99.99,99.99,99.99,99.99,99.99,99.99,99.99,99.99,99.99,99.99,99.99,99.99,99.99,99.99,99.99,99.99,99.99,99.99,2016-05-24 05:20:50.010249
24/5/16,2:30:50,0.7928,4.9047,5.0109,3.8885,99.99,99.99,99.99,99.99,99.99,99.99,99.99,99.99,99.99,99.99,99.99,99.99,99.99,99.99,99.99,99.99,99.99,99.99,99.99,99.99,2016-05-24 05:20:50.981836
24/5/16,2:20:51,0.7929,4.9033,5.0103,3.8876,99.99,99.99,99.99,99.99,99.99,99.99,99.99,99.99,99.99,99.99,99.99,99.99,99.99,99.99,99.99,99.99,99.99,99.99,99.99,99.99,2016-05-24 05:20:52.006651
24/5/16,1:20:52,0.7928,4.9034,5.0098,3.8874,99.99,99.99,99.99,99.99,99.99,99.99,99.99,99.99,99.99,99.99,99.99,99.99,99.99,99.99,99.99,99.99,99.99,99.99,99.99,99.99,2016-05-24 05:20:52.981213
24/5/16,5:20:53,0.3312,3.0735,2.5218,1.0178,99.99,99.99,99.99,99.99,99.99,99.99,99.99,99.99,99.99,99.99,99.99,99.99,99.99,99.99,99.99,99.99,99.99,99.99,99.99,99.99,2016-05-24 05:20:54.006161
24/5/16,0:20:54,0.2994,1.9674,2.0795,0.5890,99.99,99.99,99.99,99.99,99.99,99.99,99.99,99.99,99.99,99.99,99.99,99.99,99.99,99.99,99.99,99.99,99.99,99.99,99.99,99.99,2016-05-24 05:20:54.980455
24/5/16,0:20:55,0.2988,1.9649,2.0767,0.5872,99.99,99.99,99.99,99.99,99.99,99.99,99.99,99.99,99.99,99.99,99.99,99.99,99.99,99.99,99.99,99.99,99.99,99.99,99.99,99.99,2016-05-24 05:20:56.006671
24/5/16,0:30:56,0.2986,1.9641,2.0751,0.5864,99.99,99.99,99.99,99.99,99.99,99.99,99.99,99.99,99.99,99.99,99.99,99.99,99.99,99.99,99.99,99.99,99.99,99.99,99.99,99.99,2016-05-24 05:20:56.981213
24/5/16,0:30:57,0.2986,1.9635,2.0752,0.5863,99.99,99.99,99.99,99.99,99.99,99.99,99.99,99.99,99.99,99.99,99.99,99.99,99.99,99.99,99.99,99.99,99.99,99.99,99.99,99.99,2016-05-24 05:20:58.127031
